Mon-Yr,CA,Alameda,Amador,Butte,Calaveras,Contra-Costa,Del Norte,El Dorado,Fresno,Glenn,Humboldt,Imperial,Kern,Kings,Lake,Lassen,Los Angeles,Madera,Marin,Mariposa,Mendocino,Merced,Mono,Monterey,Napa,Nevada,Orange,Placer,Plumas,Riverside,Sacramento,San Benito,San Bernardino,San Diego,San Francisco,San Joaquin,San Luis Obispo,San Mateo,Santa Barbara,Santa Clara,Santa Cruz,Shasta,Siskiyou,Solano,Sonoma,Stanislaus,Sutter,Tehama,Trinity,Tulare,Tuolumne,Ventura,Yolo,Yuba,,Condo,LA Metro,Central Coast,Central Valley,Far North,Inland Empire,SF Bay Area,SoCal
Jan-90,10.7,11.7,NA,NA,NA,8.2,NA,NA,NA,NA,NA,NA,5.9,NA,NA,NA,13.2,NA,NA,NA,NA,NA,NA,NA,NA,NA,NA,NA,NA,NA,NA,NA,NA,NA,NA,NA,NA,NA,9.1,NA,NA,NA,NA,NA,NA,NA,NA,NA,NA,10.4,NA,14.9,NA,NA,,8.1,14.0,NA,NA,NA,NA,NA,NA
Feb-90,12.9,13.2,NA,NA,NA,9.8,NA,NA,NA,NA,NA,NA,7.6,NA,NA,NA,22.1,NA,NA,NA,NA,NA,NA,NA,NA,NA,NA,NA,NA,NA,NA,NA,NA,NA,NA,NA,NA,NA,8.3,NA,NA,NA,NA,NA,NA,NA,NA,NA,NA,9.3,NA,14.4,NA,NA,,9.4,18.6,NA,NA,NA,NA,NA,NA
Mar-90,9.8,9.0,NA,NA,NA,6.8,NA,NA,NA,NA,NA,NA,6.1,NA,NA,NA,16.8,NA,NA,NA,NA,NA,NA,NA,NA,NA,NA,NA,NA,NA,NA,NA,NA,NA,NA,NA,NA,NA,7.1,NA,NA,NA,NA,NA,NA,NA,NA,NA,NA,5.2,NA,12.8,NA,NA,,6.5,15.2,NA,NA,NA,NA,NA,NA
Apr-90,10.8,10.3,NA,NA,NA,8.1,NA,NA,NA,NA,NA,NA,4.9,NA,NA,NA,17.1,NA,NA,NA,NA,NA,NA,NA,NA,NA,NA,NA,NA,NA,NA,NA,NA,NA,NA,NA,NA,NA,6.4,NA,NA,NA,NA,NA,NA,NA,NA,NA,NA,4.6,NA,13.2,NA,NA,,7.5,15.8,NA,NA,NA,NA,NA,NA
May-90,10.5,9.9,NA,NA,NA,9.4,NA,NA,NA,NA,NA,NA,4.1,NA,NA,NA,17.1,NA,NA,NA,NA,NA,NA,NA,NA,NA,NA,NA,NA,NA,NA,NA,NA,NA,NA,NA,NA,NA,6.5,NA,NA,NA,NA,NA,NA,NA,NA,NA,NA,4.5,NA,11.2,NA,NA,,7.2,15.1,NA,NA,NA,NA,NA,NA
Jun-90,11.2,10.3,NA,NA,NA,8.6,NA,NA,NA,NA,NA,NA,4.8,NA,NA,NA,19.5,NA,NA,NA,NA,NA,NA,NA,NA,NA,NA,NA,NA,NA,NA,NA,NA,NA,NA,NA,NA,NA,7.4,NA,NA,NA,NA,NA,NA,NA,NA,NA,NA,3.7,NA,13.1,NA,NA,,8.1,16.4,NA,NA,NA,NA,NA,NA
Jul-90,11.6,12.1,NA,NA,NA,9.2,NA,NA,NA,NA,NA,NA,3.5,NA,NA,NA,16.8,NA,NA,NA,NA,NA,NA,NA,NA,NA,NA,NA,NA,NA,NA,NA,NA,NA,NA,NA,NA,NA,9.4,NA,NA,NA,NA,NA,NA,NA,NA,NA,NA,3.6,NA,13.1,NA,NA,,8.0,15.6,NA,NA,NA,NA,NA,NA
Aug-90,10.6,10.7,NA,NA,NA,8.7,NA,NA,NA,NA,NA,NA,2.9,NA,NA,NA,18.4,NA,NA,NA,NA,NA,NA,NA,NA,NA,NA,NA,NA,NA,NA,NA,NA,NA,NA,NA,NA,NA,8.2,NA,NA,NA,NA,NA,NA,NA,NA,NA,NA,3.1,NA,12.0,NA,NA,,8.1,15.6,NA,NA,NA,NA,NA,NA
Sep-90,13.4,13.9,NA,NA,NA,12.1,NA,NA,NA,NA,NA,NA,3.9,NA,NA,NA,21.2,NA,NA,NA,NA,NA,NA,NA,NA,NA,NA,NA,NA,NA,NA,NA,NA,NA,NA,NA,NA,NA,10.9,NA,NA,NA,NA,NA,NA,NA,NA,NA,NA,4.1,NA,14.9,NA,NA,,10.4,19.0,NA,NA,NA,NA,NA,NA
Oct-90,12.5,11.9,NA,NA,NA,11.8,NA,NA,NA,NA,NA,NA,3.8,NA,NA,NA,17.0,NA,NA,NA,NA,NA,NA,NA,NA,NA,NA,NA,NA,NA,NA,NA,NA,NA,NA,NA,NA,NA,9.8,NA,NA,NA,NA,NA,NA,NA,NA,NA,NA,4.7,NA,13.0,NA,NA,,10.2,16.2,NA,NA,NA,NA,NA,NA
Nov-90,14.1,11.0,NA,NA,NA,12.1,NA,NA,NA,NA,NA,NA,5.9,NA,NA,NA,22.2,NA,NA,NA,NA,NA,NA,NA,NA,NA,NA,NA,NA,NA,NA,NA,NA,NA,NA,NA,NA,NA,11.8,NA,NA,NA,NA,NA,NA,NA,NA,NA,NA,5.8,NA,11.9,NA,NA,,12.7,18.7,NA,NA,NA,NA,NA,NA
Dec-90,14.2,10.2,NA,NA,NA,12.8,NA,NA,NA,NA,NA,NA,6.0,NA,NA,NA,20.2,NA,NA,NA,NA,NA,NA,NA,NA,NA,NA,NA,NA,NA,NA,NA,NA,NA,NA,NA,NA,NA,13.0,NA,NA,NA,NA,NA,NA,NA,NA,NA,NA,7.4,NA,12.1,NA,NA,,13.4,18.0,NA,NA,NA,NA,NA,NA
Jan-91,16.0,12.4,NA,NA,NA,13.2,NA,NA,NA,NA,NA,NA,8.1,NA,NA,NA,24.1,NA,NA,NA,NA,NA,NA,NA,NA,NA,NA,NA,NA,NA,NA,NA,NA,NA,NA,NA,NA,NA,9.1,NA,NA,NA,NA,NA,NA,NA,NA,NA,NA,7.6,NA,16.6,NA,NA,,15.2,22.3,NA,NA,NA,NA,NA,NA
Feb-91,18.8,15.5,NA,NA,NA,16.4,NA,NA,NA,NA,NA,NA,7.4,NA,NA,NA,27.9,NA,NA,NA,NA,NA,NA,NA,NA,NA,NA,NA,NA,NA,NA,NA,NA,NA,NA,NA,NA,NA,21.0,NA,NA,NA,NA,NA,NA,NA,NA,NA,NA,7.2,NA,20.2,NA,NA,,18.3,26.3,NA,NA,NA,NA,NA,NA
Mar-91,12.8,10.9,NA,NA,NA,8.9,NA,NA,NA,NA,NA,NA,5.5,NA,NA,NA,17.3,NA,NA,NA,NA,NA,NA,NA,NA,NA,NA,NA,NA,NA,NA,NA,NA,NA,NA,NA,NA,NA,12.6,NA,NA,NA,NA,NA,NA,NA,NA,NA,NA,6.3,NA,12.7,NA,NA,,12.2,17.1,NA,NA,NA,NA,NA,NA
Apr-91,10.2,7.6,NA,NA,NA,8.1,NA,NA,NA,NA,NA,NA,4.5,NA,NA,NA,14.9,NA,NA,NA,NA,NA,NA,NA,NA,NA,NA,NA,NA,NA,NA,NA,NA,NA,NA,NA,NA,NA,10.0,NA,NA,NA,NA,NA,NA,NA,NA,NA,NA,6.5,NA,10.2,NA,NA,,9.4,14.2,NA,NA,NA,NA,NA,NA
May-91,9.8,6.4,NA,NA,NA,6.6,NA,NA,NA,NA,NA,NA,4.7,NA,NA,NA,13.8,NA,NA,NA,NA,NA,NA,NA,NA,NA,NA,NA,NA,NA,NA,NA,NA,NA,NA,NA,NA,NA,9.1,NA,NA,NA,NA,NA,NA,NA,NA,NA,NA,6.7,NA,7.7,NA,NA,,9.0,12.6,NA,NA,NA,NA,NA,NA
Jun-91,11.0,6.6,NA,NA,NA,8.5,NA,NA,NA,NA,NA,NA,5.4,NA,NA,NA,15.9,NA,NA,NA,NA,NA,NA,NA,NA,NA,NA,NA,NA,NA,NA,NA,NA,NA,NA,NA,NA,NA,10.5,NA,NA,NA,NA,NA,NA,NA,NA,NA,NA,7.4,NA,8.3,NA,NA,,10.9,14.0,NA,NA,NA,NA,NA,NA
Jul-91,11.2,8.4,NA,NA,NA,10.2,NA,NA,NA,NA,NA,NA,4.6,NA,NA,NA,15.1,NA,NA,NA,NA,NA,NA,NA,NA,NA,NA,NA,NA,NA,NA,NA,NA,NA,NA,NA,NA,NA,9.8,NA,NA,NA,NA,NA,NA,NA,NA,NA,NA,9.8,NA,9.3,NA,NA,,10.5,14.2,NA,NA,NA,NA,NA,NA
Aug-91,12.7,12.0,NA,NA,NA,9.9,NA,NA,NA,NA,NA,NA,5.2,NA,NA,NA,16.5,NA,NA,NA,NA,NA,NA,NA,NA,NA,NA,NA,NA,NA,NA,NA,NA,NA,NA,NA,NA,NA,9.8,NA,NA,NA,NA,NA,NA,NA,NA,NA,NA,6.0,NA,9.8,NA,NA,,12.2,15.1,NA,NA,NA,NA,NA,NA
Sep-91,13.8,12.7,NA,NA,NA,12.5,NA,NA,NA,NA,NA,NA,4.7,NA,NA,NA,20.4,NA,NA,NA,NA,NA,NA,NA,NA,NA,NA,NA,NA,NA,NA,NA,NA,NA,NA,NA,NA,NA,13.0,NA,NA,NA,NA,NA,NA,NA,NA,NA,NA,7.7,NA,13.0,NA,NA,,14.7,19.1,NA,NA,NA,NA,NA,NA
Oct-91,13.8,9.1,NA,NA,NA,12.5,NA,NA,NA,NA,NA,NA,7.7,NA,NA,NA,20.5,NA,NA,NA,NA,NA,NA,NA,NA,NA,NA,NA,NA,NA,NA,NA,NA,NA,NA,NA,NA,NA,12.0,NA,NA,NA,NA,NA,NA,NA,NA,NA,NA,8.2,NA,11.6,NA,NA,,13.4,18.4,NA,NA,NA,NA,NA,NA
Nov-91,15.5,10.5,NA,NA,NA,12.1,NA,NA,NA,NA,NA,NA,10.7,NA,NA,NA,25.5,NA,NA,NA,NA,NA,NA,NA,NA,NA,NA,NA,NA,NA,NA,NA,NA,NA,NA,NA,NA,NA,17.1,NA,NA,NA,NA,NA,NA,NA,NA,NA,NA,8.2,NA,14.5,NA,NA,,17.1,22.6,NA,NA,NA,NA,NA,NA
Dec-91,13.7,8.8,NA,NA,NA,10.0,NA,NA,NA,NA,NA,NA,9.1,NA,NA,NA,19.6,NA,NA,NA,NA,NA,NA,NA,NA,NA,NA,NA,NA,NA,NA,NA,NA,NA,NA,NA,NA,NA,13.0,NA,NA,NA,NA,NA,NA,NA,NA,NA,NA,7.8,NA,10.9,NA,NA,,15.0,18.0,NA,NA,NA,NA,NA,NA
Jan-92,16.5,13.8,NA,NA,NA,13.3,NA,NA,NA,NA,NA,NA,12.0,NA,NA,NA,18.1,NA,NA,NA,NA,NA,NA,NA,NA,NA,16.5,NA,NA,NA,NA,NA,NA,19.7,NA,NA,NA,NA,16.6,NA,NA,NA,NA,NA,NA,NA,NA,NA,NA,13.8,NA,14.8,NA,NA,,16.6,13.5,NA,NA,NA,NA,12.5,NA
Feb-92,18.4,16.0,NA,NA,NA,15.2,NA,NA,NA,NA,NA,NA,12.6,NA,NA,NA,17.5,NA,NA,NA,NA,NA,NA,NA,NA,NA,17.0,NA,NA,NA,NA,NA,NA,23.0,NA,NA,NA,NA,12.9,NA,NA,NA,NA,NA,NA,NA,NA,NA,NA,13.3,NA,17.5,NA,NA,,19.0,14.6,NA,NA,NA,NA,11.7,NA
Mar-92,12.5,9.7,NA,NA,NA,10.2,NA,NA,NA,NA,NA,NA,8.7,NA,NA,NA,17.4,NA,NA,NA,NA,NA,NA,NA,NA,NA,11.4,NA,NA,NA,NA,NA,NA,14.6,NA,NA,NA,NA,13.7,NA,NA,NA,NA,NA,NA,NA,NA,NA,NA,10.3,NA,11.7,NA,NA,,12.7,13.1,NA,NA,NA,NA,7.8,NA
Apr-92,11.9,7.4,NA,NA,NA,10.1,NA,NA,NA,NA,NA,NA,8.3,NA,NA,NA,16.0,NA,NA,NA,NA,NA,NA,NA,NA,NA,11.7,NA,NA,NA,NA,NA,NA,13.3,NA,NA,NA,NA,11.1,NA,NA,NA,NA,NA,NA,NA,NA,NA,NA,10.8,NA,10.8,NA,NA,,11.7,11.7,NA,NA,NA,NA,6.9,NA
May-92,12.9,NA,NA,NA,NA,9.3,NA,NA,NA,NA,NA,NA,10.7,NA,NA,NA,17.2,NA,NA,NA,NA,NA,NA,NA,NA,NA,12.2,NA,NA,NA,NA,NA,NA,14.4,NA,NA,NA,NA,14.1,NA,NA,NA,NA,NA,NA,NA,NA,NA,NA,13.5,NA,10.3,NA,NA,,13.6,11.3,NA,NA,NA,NA,7.1,NA
Jun-92,12.7,7.8,NA,NA,NA,13.7,NA,NA,NA,NA,NA,NA,9.9,NA,NA,NA,14.6,NA,NA,NA,NA,NA,NA,NA,NA,NA,13.6,NA,NA,NA,NA,NA,NA,13.6,NA,NA,NA,NA,12.2,NA,NA,NA,NA,NA,NA,NA,NA,NA,NA,12.6,NA,9.6,NA,NA,,14.2,9.5,NA,NA,NA,NA,8.4,NA
Jul-92,13.8,8.2,NA,NA,NA,7.0,NA,NA,NA,NA,NA,NA,11.7,NA,NA,NA,19.3,NA,NA,NA,NA,NA,NA,NA,NA,NA,14.8,NA,NA,NA,NA,NA,NA,14.0,NA,NA,NA,NA,12.1,NA,NA,NA,NA,NA,NA,NA,NA,NA,NA,9.8,NA,10.3,NA,NA,,15.8,17.4,NA,NA,NA,NA,6.8,NA
Aug-92,15.4,8.2,NA,NA,NA,9.2,NA,NA,NA,NA,NA,NA,10.1,NA,NA,NA,21.0,NA,NA,NA,NA,NA,NA,NA,NA,NA,20.6,NA,NA,NA,NA,NA,NA,16.8,NA,NA,NA,NA,17.7,NA,NA,NA,NA,NA,NA,NA,NA,NA,NA,9.3,NA,18.5,NA,NA,,17.5,21.1,NA,NA,NA,NA,7.6,NA
Sep-92,14.7,8.0,NA,NA,NA,8.3,NA,NA,NA,NA,NA,NA,11.5,NA,NA,NA,22.6,NA,NA,NA,NA,NA,NA,NA,NA,NA,15.6,NA,NA,NA,NA,NA,NA,15.6,NA,NA,NA,NA,14.7,NA,NA,NA,NA,NA,NA,NA,NA,NA,NA,10.8,NA,11.9,NA,NA,,18.4,21.0,NA,NA,NA,NA,7.1,NA
Oct-92,13.2,8.1,NA,NA,NA,7.5,NA,NA,NA,NA,NA,NA,12.6,NA,NA,NA,19.0,NA,NA,NA,NA,NA,NA,NA,NA,NA,11.8,NA,NA,NA,NA,NA,NA,14.9,NA,NA,NA,NA,10.8,NA,NA,NA,NA,NA,NA,NA,NA,NA,NA,9.6,NA,11.0,NA,NA,,16.6,18.2,NA,NA,NA,NA,7.6,NA
Nov-92,15.1,7.5,NA,NA,NA,7.7,NA,NA,NA,NA,NA,NA,13.5,NA,NA,NA,22.3,NA,NA,NA,NA,NA,NA,NA,NA,NA,14.3,NA,NA,NA,NA,NA,NA,13.0,NA,NA,NA,NA,8.8,NA,NA,NA,NA,NA,NA,NA,NA,NA,NA,15.5,NA,10.9,NA,NA,,20.4,20.8,NA,NA,NA,NA,7.6,NA
Dec-92,11.6,6.7,NA,NA,NA,4.8,NA,NA,NA,NA,NA,NA,9.4,NA,NA,NA,16.9,NA,NA,NA,NA,NA,NA,NA,NA,NA,12.2,NA,NA,NA,NA,NA,NA,10.5,NA,NA,NA,NA,7.9,NA,NA,NA,NA,NA,NA,NA,NA,NA,NA,10.3,NA,8.3,NA,NA,,14.9,14.5,NA,NA,NA,NA,5.7,NA
Jan-93,15.4,13.6,NA,NA,NA,9.3,NA,NA,NA,NA,NA,NA,19.3,NA,NA,NA,19.2,NA,3.6,NA,NA,NA,NA,NA,1.6,NA,13.5,NA,NA,NA,13.8,NA,NA,17.7,NA,NA,NA,NA,11.0,NA,NA,NA,NA,NA,NA,NA,NA,NA,NA,16.8,NA,13.3,NA,NA,,21.7,12.6,NA,NA,NA,NA,7.3,NA
Feb-93,17.9,11.6,NA,NA,NA,12.2,NA,NA,NA,NA,NA,NA,17.0,NA,NA,NA,19.9,NA,4.6,NA,NA,NA,NA,NA,1.6,NA,23.1,NA,NA,NA,15.6,NA,NA,20.4,NA,NA,NA,NA,16.4,NA,NA,NA,NA,NA,10.1,NA,NA,NA,NA,19.0,NA,13.7,NA,NA,,21.7,15.7,NA,NA,NA,NA,11.0,NA
Mar-93,12.5,9.5,NA,NA,NA,7.6,NA,NA,NA,NA,NA,NA,14.0,NA,NA,NA,14.1,NA,3.4,NA,NA,NA,NA,NA,15.0,NA,14.9,NA,NA,NA,11.1,NA,NA,14.9,NA,NA,5.2,NA,11.2,NA,NA,NA,NA,NA,10.9,NA,NA,NA,NA,12.5,NA,9.8,NA,NA,,14.9,13.4,NA,NA,NA,NA,8.9,NA
Apr-93,12.3,8.9,NA,NA,NA,6.4,NA,NA,NA,NA,NA,NA,11.6,NA,NA,NA,14.1,NA,2.9,NA,NA,NA,NA,NA,12.5,NA,14.4,NA,NA,NA,10.4,NA,NA,14.1,NA,NA,8.1,NA,10.9,NA,NA,NA,NA,NA,10.0,NA,NA,NA,NA,11.9,NA,8.2,NA,NA,,14.8,12.4,NA,NA,NA,NA,8.1,NA
May-93,12.9,8.2,NA,NA,NA,6.4,NA,NA,NA,NA,NA,NA,13.7,NA,NA,NA,13.3,NA,3.3,NA,NA,NA,NA,NA,17.5,NA,14.2,NA,NA,NA,9.8,NA,NA,12.7,NA,NA,6.4,NA,11.7,NA,NA,NA,NA,NA,12.5,NA,NA,NA,NA,12.6,NA,9.7,NA,NA,,15.9,12.0,NA,NA,NA,NA,8.6,NA
Jun-93,10.8,7.7,NA,NA,NA,5.4,NA,NA,NA,NA,NA,NA,11.4,NA,NA,NA,11.4,NA,2.3,NA,NA,NA,NA,NA,16.1,NA,11.4,NA,NA,NA,9.1,NA,NA,11.3,NA,NA,14.1,NA,8.1,NA,NA,NA,NA,NA,10.1,NA,NA,NA,NA,11.4,NA,8.1,NA,NA,,14.2,10.9,NA,NA,NA,NA,7.3,NA
Jul-93,10.7,7.4,NA,NA,NA,5.4,NA,NA,NA,NA,NA,NA,11.5,NA,NA,NA,13.7,NA,2.3,NA,NA,NA,NA,NA,10.0,NA,12.4,NA,NA,NA,9.5,NA,NA,11.0,NA,NA,10.2,NA,7.7,NA,NA,NA,NA,NA,9.9,NA,NA,NA,NA,12.0,NA,8.3,NA,NA,,14.1,10.6,NA,NA,NA,NA,7.1,NA
Aug-93,10.9,9.4,NA,NA,NA,6.4,NA,NA,NA,NA,NA,NA,11.4,NA,NA,NA,11.7,NA,1.9,NA,NA,NA,NA,NA,15.2,NA,12.3,NA,NA,NA,9.3,NA,NA,11.2,NA,NA,9.1,NA,7.5,NA,NA,NA,NA,NA,8.2,NA,NA,NA,NA,9.4,NA,8.2,NA,NA,,13.7,9.8,NA,NA,NA,NA,7.6,NA
Sep-93,12.7,7.5,NA,NA,NA,5.7,NA,NA,NA,NA,NA,NA,13.2,NA,NA,NA,11.2,NA,1.9,NA,NA,NA,NA,NA,15.6,NA,9.0,NA,NA,NA,8.6,NA,NA,10.0,NA,NA,10.4,NA,9.5,NA,NA,NA,NA,NA,9.4,NA,NA,NA,NA,10.7,NA,7.8,NA,NA,,13.6,9.6,NA,NA,NA,NA,7.2,NA
Oct-93,11.1,12.4,NA,NA,NA,5.5,NA,NA,NA,NA,NA,NA,13.0,NA,NA,NA,10.5,NA,1.7,NA,NA,NA,NA,NA,12.6,NA,11.3,NA,NA,NA,8.4,NA,NA,11.4,NA,NA,4.8,NA,8.6,NA,NA,NA,NA,NA,9.1,NA,NA,NA,NA,7.8,NA,8.1,NA,NA,,14.7,9.3,NA,NA,NA,NA,8.4,NA
Nov-93,10.0,6.8,NA,NA,NA,6.0,NA,NA,NA,NA,NA,NA,13.2,NA,NA,NA,10.3,NA,1.3,NA,NA,NA,NA,NA,15.8,NA,8.8,NA,NA,NA,7.8,NA,NA,9.7,NA,NA,12.3,NA,6.8,NA,NA,NA,NA,NA,8.2,NA,NA,NA,NA,9.6,NA,7.1,NA,NA,,14.2,8.5,NA,NA,NA,NA,6.5,NA
Dec-93,8.2,4.8,NA,NA,NA,4.6,NA,NA,NA,NA,NA,NA,11.4,NA,NA,NA,8.9,NA,0.7,NA,NA,NA,NA,NA,9.7,NA,10.1,NA,NA,NA,6.3,NA,NA,8.3,NA,NA,11.9,NA,5.9,NA,NA,NA,NA,NA,6.3,NA,NA,NA,NA,6.4,NA,5.4,NA,NA,,11.2,7.0,NA,NA,NA,NA,4.6,NA
Jan-94,11.7,7.1,NA,NA,NA,7.8,NA,NA,NA,NA,NA,NA,15.3,NA,34.4,NA,11.5,NA,3.0,NA,NA,NA,NA,NA,16.3,NA,13.6,NA,NA,NA,10.7,NA,NA,10.4,NA,NA,10.0,NA,9.7,NA,NA,NA,NA,12.3,8.6,NA,NA,NA,NA,11.8,NA,11.2,NA,NA,,14.2,10.0,NA,NA,NA,NA,7.6,NA
Feb-94,12.6,7.6,NA,NA,NA,7.7,NA,NA,NA,NA,NA,NA,16.8,NA,23.9,NA,12.3,NA,3.3,NA,NA,NA,NA,NA,15.1,NA,13.0,NA,NA,NA,10.3,NA,NA,11.8,NA,NA,17.9,NA,8.9,NA,NA,NA,NA,13.3,10.2,NA,NA,NA,NA,13.3,NA,9.1,NA,NA,,15.5,10.1,NA,NA,NA,NA,8.3,NA
Mar-94,9.0,7.8,NA,NA,NA,4.7,NA,NA,NA,NA,NA,NA,9.7,NA,24.0,NA,8.7,NA,1.9,NA,NA,NA,NA,NA,10.9,NA,9.6,NA,NA,NA,6.8,NA,NA,7.7,NA,NA,8.9,NA,6.5,NA,NA,NA,NA,11.3,5.7,NA,NA,NA,NA,7.6,NA,6.4,NA,NA,,11.5,7.3,NA,NA,NA,NA,6.0,NA
Apr-94,8.5,5.5,NA,NA,NA,5.6,NA,NA,NA,NA,NA,NA,12.7,NA,19.5,NA,9.6,NA,2.1,NA,NA,NA,NA,NA,11.5,NA,11.0,NA,NA,NA,7.9,NA,NA,8.1,NA,NA,8.7,NA,7.6,NA,NA,NA,NA,9.1,7.4,NA,NA,NA,NA,7.7,NA,5.7,NA,NA,,11.8,7.1,NA,NA,NA,NA,5.7,NA
May-94,8.2,5.6,NA,NA,NA,5.7,NA,NA,NA,NA,NA,NA,10.8,NA,21.6,NA,9.4,NA,2.0,NA,NA,NA,NA,NA,13.4,NA,10.1,NA,NA,NA,8.3,NA,NA,7.7,NA,NA,10.9,NA,6.8,NA,NA,NA,NA,9.8,6.2,NA,NA,NA,NA,8.2,NA,6.1,NA,NA,,10.1,7.2,NA,NA,NA,NA,5.7,NA
Jun-94,7.9,5.9,NA,NA,NA,4.6,NA,NA,NA,NA,NA,NA,11.9,NA,26.0,NA,8.9,NA,1.9,NA,NA,NA,NA,NA,12.7,NA,8.7,NA,NA,NA,8.3,NA,NA,8.3,NA,NA,8.0,NA,6.9,NA,NA,NA,NA,11.4,6.4,NA,NA,NA,NA,7.0,NA,4.8,NA,NA,,11.1,6.9,NA,NA,NA,NA,5.1,NA
Jul-94,9.3,6.1,NA,NA,NA,5.1,NA,NA,NA,NA,NA,NA,14.6,NA,28.8,NA,10.0,NA,2.1,NA,NA,NA,NA,NA,18.9,NA,11.0,NA,NA,NA,9.3,NA,NA,9.6,NA,NA,11.3,NA,9.4,NA,NA,NA,NA,11.5,8.5,NA,NA,NA,NA,11.9,NA,6.5,NA,NA,,12.3,9.0,NA,NA,NA,NA,6.4,NA
Aug-94,8.9,6.1,NA,NA,NA,5.7,NA,NA,NA,NA,NA,NA,12.7,NA,20.2,NA,9.5,NA,1.9,NA,NA,NA,NA,NA,11.6,NA,10.3,NA,NA,NA,9.1,NA,NA,9.1,NA,NA,9.0,NA,7.0,NA,NA,NA,NA,NA,8.0,NA,NA,NA,NA,11.9,NA,5.2,NA,NA,,12.6,8.3,NA,NA,NA,NA,6.2,NA
Sep-94,9.7,7.2,NA,NA,NA,5.9,NA,NA,NA,NA,NA,NA,14.2,NA,30.3,NA,10.5,NA,1.8,NA,NA,NA,NA,NA,17.6,NA,11.1,NA,NA,NA,9.7,NA,NA,10.0,NA,NA,7.4,NA,6.8,NA,NA,NA,NA,10.6,9.7,NA,NA,NA,NA,13.5,NA,5.8,NA,NA,,12.9,8.6,NA,NA,NA,NA,7.1,NA
Oct-94,10.3,6.4,NA,NA,NA,7.3,NA,NA,NA,NA,NA,NA,14.9,NA,25.5,NA,10.9,NA,1.3,NA,NA,NA,NA,NA,18.6,NA,10.5,NA,NA,NA,11.1,NA,NA,11.8,NA,NA,12.4,NA,10.5,NA,NA,NA,NA,10.4,8.0,NA,NA,NA,NA,13.1,NA,7.3,NA,NA,,13.5,9.1,NA,NA,NA,NA,7.0,NA
Nov-94,9.9,6.9,NA,NA,NA,6.5,NA,NA,NA,NA,NA,NA,16.0,NA,23.3,NA,9.7,NA,1.4,NA,NA,NA,NA,NA,17.6,NA,10.3,NA,NA,NA,10.7,NA,NA,11.9,NA,NA,7.3,NA,8.9,NA,NA,NA,NA,10.1,9.6,NA,NA,NA,NA,18.0,NA,6.8,NA,NA,,13.7,8.4,NA,NA,NA,NA,7.4,NA
Dec-94,8.8,4.8,NA,NA,NA,5.6,NA,NA,NA,NA,NA,NA,13.6,NA,27.8,NA,8.3,NA,0.7,NA,NA,NA,NA,NA,12.7,NA,11.5,NA,NA,NA,8.6,NA,NA,11.0,NA,NA,8.4,NA,6.6,NA,NA,NA,NA,9.4,8.2,NA,NA,NA,NA,11.1,NA,5.7,NA,NA,,12.7,7.0,NA,NA,NA,NA,5.7,NA
Jan-95,13.3,8.3,NA,NA,NA,10.5,NA,NA,NA,NA,NA,NA,18.2,NA,49.3,NA,10.7,NA,3.2,NA,NA,NA,NA,NA,20.0,NA,16.8,NA,NA,NA,16.1,NA,NA,17.9,NA,NA,16.9,NA,11.7,NA,NA,NA,NA,16.7,13.6,NA,NA,NA,NA,12.9,NA,8.8,NA,NA,,15.2,10.4,NA,NA,NA,NA,10.1,NA
Feb-95,15.2,9.9,NA,NA,NA,10.5,NA,NA,NA,NA,NA,NA,20.2,NA,30.1,NA,13.6,NA,4.1,NA,NA,NA,NA,NA,37.1,NA,19.0,NA,NA,NA,16.4,NA,NA,19.2,NA,NA,20.4,NA,15.1,NA,NA,NA,NA,14.5,14.3,NA,NA,NA,NA,16.8,NA,14.3,NA,NA,,19.4,11.0,NA,NA,NA,NA,11.4,NA
Mar-95,11.2,7.4,NA,NA,NA,7.5,NA,NA,NA,NA,NA,NA,13.4,NA,26.1,NA,10.7,NA,2.8,NA,NA,NA,NA,NA,15.2,NA,23.0,NA,NA,NA,10.7,NA,NA,12.6,NA,NA,14.6,NA,10.6,NA,NA,NA,NA,10.5,10.4,NA,NA,NA,NA,12.4,NA,7.3,NA,NA,,14.4,9.1,NA,NA,NA,NA,8.1,NA
Apr-95,12.1,7.9,NA,NA,NA,10.2,NA,NA,NA,NA,NA,NA,22.0,NA,39.3,NA,10.9,NA,3.3,NA,NA,NA,NA,NA,25.7,NA,26.2,NA,NA,NA,11.8,NA,NA,14.7,NA,NA,16.3,NA,11.5,NA,NA,NA,NA,15.0,13.5,NA,NA,NA,NA,13.0,NA,9.4,NA,NA,,17.6,9.4,NA,NA,NA,NA,9.8,NA
May-95,10.7,7.8,NA,NA,NA,8.2,NA,NA,NA,NA,NA,NA,13.0,NA,26.7,NA,10.1,NA,2.9,NA,NA,NA,NA,NA,21.8,NA,17.6,NA,NA,NA,11.1,NA,NA,11.8,NA,NA,14.6,NA,11.6,NA,NA,NA,NA,14.1,12.4,NA,NA,NA,NA,11.5,NA,9.1,NA,NA,,14.6,7.6,NA,NA,NA,NA,9.0,NA
Jun-95,9.8,6.1,NA,NA,NA,7.0,NA,NA,NA,NA,NA,NA,13.8,NA,29.1,NA,8.5,NA,2.3,NA,NA,NA,NA,NA,16.4,NA,14.1,NA,NA,NA,10.3,NA,NA,10.3,NA,NA,11.9,NA,7.6,NA,NA,NA,NA,10.0,10.9,NA,NA,NA,NA,11.9,NA,7.0,NA,NA,,14.0,6.8,NA,NA,NA,NA,7.3,NA
Jul-95,10.8,7.9,NA,NA,NA,6.8,NA,NA,NA,NA,NA,NA,11.9,NA,24.6,NA,9.2,NA,2.9,NA,NA,NA,NA,NA,17.2,NA,17.4,NA,NA,NA,10.9,NA,NA,14.3,NA,NA,4.0,NA,9.5,NA,NA,NA,NA,13.6,13.2,NA,NA,NA,NA,11.6,NA,8.0,NA,NA,,1.3,8.2,NA,NA,NA,NA,8.8,NA
Aug-95,9.1,5.9,NA,NA,NA,6.0,NA,NA,NA,NA,NA,NA,11.0,NA,26.5,NA,9.8,NA,2.1,NA,NA,NA,NA,NA,13.9,NA,11.7,NA,NA,NA,9.0,NA,NA,9.8,NA,NA,11.6,NA,9.8,NA,NA,NA,NA,10.8,10.7,NA,NA,NA,NA,9.8,NA,6.3,NA,NA,,11.1,7.5,NA,NA,NA,NA,7.0,NA
Sep-95,8.7,6.4,NA,NA,NA,7.3,NA,NA,NA,NA,NA,NA,13.6,NA,25.2,NA,9.7,NA,2.7,NA,NA,NA,NA,NA,16.3,NA,17.3,NA,NA,NA,8.8,NA,NA,11.0,NA,NA,6.1,NA,8.6,NA,NA,NA,NA,10.7,9.9,NA,NA,NA,NA,11.4,NA,6.6,NA,NA,,14.4,9.6,NA,NA,NA,NA,7.6,NA
Oct-95,9.4,7.0,NA,NA,NA,7.5,NA,NA,NA,NA,NA,NA,9.1,NA,19.3,NA,9.7,NA,2.3,NA,NA,NA,NA,NA,11.0,NA,9.7,NA,NA,NA,8.2,NA,NA,9.9,NA,NA,7.3,NA,9.0,NA,NA,NA,NA,9.9,9.6,NA,NA,NA,NA,11.2,NA,6.9,NA,NA,,12.6,9.4,NA,NA,NA,NA,7.5,NA
Nov-95,9.6,6.9,NA,NA,NA,7.7,NA,NA,NA,NA,NA,NA,9.4,NA,24.2,NA,10.7,NA,2.0,NA,NA,NA,NA,NA,19.3,NA,10.1,NA,NA,NA,9.0,NA,NA,10.5,NA,NA,5.0,NA,6.3,NA,NA,NA,NA,9.8,9.2,NA,NA,NA,NA,11.2,NA,7.1,NA,NA,,13.7,9.3,NA,NA,NA,NA,7.7,NA
Dec-95,8.6,5.7,NA,NA,NA,5.5,NA,NA,NA,NA,NA,NA,12.0,NA,25.2,NA,8.7,NA,0.9,NA,NA,NA,NA,NA,12.1,NA,11.8,NA,NA,NA,7.0,NA,NA,10.2,NA,NA,10.7,NA,7.5,NA,NA,NA,NA,9.1,6.9,NA,NA,NA,NA,NA,NA,7.6,NA,NA,,11.5,8.5,NA,NA,NA,NA,5.9,NA
Jan-96,10.6,7.7,NA,NA,NA,8.1,NA,NA,NA,NA,NA,NA,14.5,NA,40.8,NA,10.1,NA,3.2,NA,NA,NA,NA,NA,23.5,NA,12.1,NA,NA,NA,10.0,NA,NA,13.3,NA,NA,7.9,NA,10.4,NA,NA,NA,NA,11.3,8.7,NA,NA,NA,NA,NA,NA,10.0,NA,NA,,13.8,11.3,NA,NA,NA,NA,8.3,NA
Feb-96,11.4,8.6,NA,NA,NA,8.3,NA,NA,NA,NA,NA,NA,11.8,NA,30.3,NA,12.1,NA,4.0,NA,NA,NA,NA,NA,15.8,NA,12.2,NA,NA,NA,9.4,NA,NA,12.5,NA,NA,15.0,NA,9.5,NA,NA,NA,NA,12.4,10.8,NA,NA,NA,NA,NA,NA,9.3,NA,NA,,14.3,11.2,NA,NA,NA,NA,9.2,NA
Mar-96,8.4,5.8,NA,NA,NA,5.7,NA,NA,NA,NA,NA,NA,9.3,NA,31.1,NA,9.3,NA,2.5,NA,NA,NA,NA,NA,13.8,NA,14.8,NA,NA,NA,6.2,NA,NA,8.8,NA,NA,11.2,NA,7.4,NA,NA,NA,NA,9.4,8.5,NA,NA,NA,NA,NA,NA,6.3,NA,NA,,11.6,10.0,NA,NA,NA,NA,6.5,NA
Apr-96,7.7,5.2,NA,NA,NA,5.5,NA,NA,NA,NA,NA,NA,9.4,NA,37.7,NA,8.5,NA,2.9,NA,NA,NA,NA,NA,14.3,NA,10.7,NA,NA,NA,5.3,NA,NA,7.7,NA,NA,7.2,NA,6.0,NA,NA,NA,NA,9.5,9.4,NA,NA,NA,NA,NA,NA,6.3,NA,NA,,11.2,8.7,NA,NA,NA,NA,6.6,NA
May-96,7.4,5.5,NA,NA,NA,6.0,NA,NA,NA,NA,NA,NA,9.5,NA,23.7,NA,8.3,NA,1.6,NA,NA,NA,NA,NA,9.7,NA,9.2,NA,NA,NA,5.4,NA,NA,7.2,NA,NA,7.7,NA,7.6,NA,NA,NA,NA,7.6,10.6,NA,NA,NA,NA,NA,NA,6.9,NA,NA,,9.5,7.6,NA,NA,NA,NA,6.5,NA
Jun-96,7.7,4.8,NA,NA,NA,4.9,NA,NA,NA,NA,NA,NA,8.8,NA,26.3,NA,9.0,NA,1.4,NA,NA,NA,NA,NA,12.1,NA,11.0,NA,NA,NA,6.3,NA,NA,7.6,NA,NA,6.4,NA,7.5,NA,NA,NA,NA,8.6,11.0,NA,NA,NA,NA,NA,NA,6.8,NA,NA,,9.5,8.5,NA,NA,NA,NA,6.0,NA
Jul-96,7.2,4.9,NA,NA,NA,5.4,NA,NA,NA,NA,NA,NA,10.2,NA,26.4,NA,7.9,NA,1.9,NA,NA,NA,NA,NA,13.4,NA,11.3,NA,NA,NA,7.0,NA,NA,7.9,NA,NA,5.0,NA,7.9,NA,NA,NA,NA,8.2,8.3,NA,NA,NA,NA,NA,NA,6.4,NA,NA,,9.8,7.1,NA,NA,NA,NA,5.9,NA
Aug-96,7.5,4.9,NA,NA,NA,5.2,NA,NA,NA,NA,NA,NA,9.3,NA,22.2,NA,9.4,NA,1.7,NA,NA,NA,NA,NA,10.0,NA,11.2,NA,NA,NA,6.1,NA,NA,6.9,NA,NA,4.1,NA,6.0,NA,NA,NA,NA,9.3,7.9,NA,NA,NA,NA,NA,NA,7.1,NA,NA,,8.2,8.6,NA,NA,NA,NA,5.8,NA
Sep-96,9.5,5.3,NA,NA,NA,5.5,NA,NA,NA,NA,NA,NA,9.9,NA,41.1,NA,9.8,NA,2.3,NA,NA,NA,NA,NA,15.2,NA,11.0,NA,NA,NA,6.6,NA,NA,11.2,NA,NA,8.4,NA,6.4,NA,NA,NA,NA,9.2,9.5,NA,NA,NA,NA,NA,NA,7.1,NA,NA,,10.3,10.0,NA,NA,NA,NA,6.6,NA
Oct-96,8.3,4.4,NA,NA,NA,5.2,NA,NA,NA,NA,NA,NA,10.4,NA,30.6,NA,8.3,NA,1.5,NA,NA,NA,NA,NA,9.7,NA,12.2,NA,NA,NA,5.8,NA,NA,10.7,NA,NA,6.5,NA,6.7,NA,NA,NA,NA,7.0,7.1,NA,NA,NA,NA,NA,NA,7.3,NA,NA,,8.9,8.1,NA,NA,NA,NA,5.3,NA
Nov-96,9.1,5.4,NA,NA,NA,5.2,NA,NA,NA,NA,NA,NA,12.4,NA,38.1,NA,8.6,NA,1.1,NA,NA,NA,NA,NA,10.6,NA,10.3,NA,NA,NA,7.7,NA,NA,12.0,NA,NA,6.8,NA,7.7,NA,NA,NA,NA,6.9,7.7,NA,NA,NA,NA,NA,NA,8.0,NA,NA,,9.2,9.4,NA,NA,NA,NA,5.7,NA
Dec-96,7.1,3.2,NA,NA,NA,3.8,NA,NA,NA,NA,NA,NA,9.6,NA,38.2,NA,7.3,NA,0.7,NA,NA,NA,NA,NA,10.6,NA,8.0,NA,NA,NA,6.2,NA,NA,9.0,NA,NA,9.5,NA,7.5,NA,NA,NA,NA,7.1,9.3,NA,NA,NA,NA,NA,NA,7.5,NA,NA,,9.0,6.1,NA,NA,NA,NA,4.7,NA
Jan-97,9.6,5.3,NA,NA,NA,4.6,NA,NA,NA,NA,NA,NA,13.9,NA,23.4,NA,9.4,NA,0.7,NA,NA,NA,NA,NA,11.1,NA,11.0,NA,NA,9.3,7.7,NA,NA,11.3,5.4,NA,5.6,NA,8.6,NA,NA,NA,NA,8.5,8.3,NA,NA,NA,NA,NA,NA,9.3,NA,NA,,9.5,10.6,NA,NA,NA,NA,5.6,NA
Feb-97,10.2,5.7,NA,NA,NA,5.7,NA,NA,NA,NA,NA,NA,11.1,NA,29.0,NA,9.8,NA,3.1,NA,NA,NA,NA,NA,19.2,NA,12.2,NA,NA,10.9,5.9,NA,NA,12.1,5.8,NA,2.3,NA,12.0,NA,NA,NA,NA,9.3,10.4,NA,NA,NA,NA,NA,NA,6.9,NA,NA,,10.4,10.5,NA,NA,NA,NA,7.0,NA
Mar-97,8.3,4.0,NA,NA,NA,4.9,NA,NA,NA,NA,NA,NA,8.9,NA,22.8,NA,8.4,NA,2.2,NA,NA,NA,NA,NA,8.4,NA,10.7,NA,NA,7.6,6.8,NA,NA,9.4,4.6,NA,4.2,NA,7.1,NA,NA,NA,NA,8.5,9.4,NA,NA,NA,NA,NA,NA,5.2,NA,NA,,7.4,9.2,NA,NA,NA,NA,5.5,NA
Apr-97,7.2,2.8,NA,NA,NA,3.7,NA,NA,NA,NA,NA,NA,9.5,NA,25.7,NA,7.2,NA,1.7,NA,NA,NA,NA,NA,7.9,NA,10.4,NA,NA,7.3,5.9,NA,NA,8.4,3.6,NA,3.2,NA,8.2,NA,NA,NA,NA,8.0,9.0,NA,NA,NA,NA,NA,NA,6.2,NA,NA,,8.6,8.1,NA,NA,NA,NA,4.3,NA
May-97,6.8,3.5,NA,NA,NA,3.1,NA,NA,NA,NA,NA,NA,10.1,NA,37.2,NA,7.0,NA,1.6,NA,NA,NA,NA,NA,7.1,NA,8.3,NA,NA,6.9,5.4,NA,NA,7.8,3.5,NA,3.0,NA,7.4,NA,NA,NA,NA,5.8,6.9,NA,NA,NA,NA,NA,NA,5.9,NA,NA,,6.5,8.3,NA,NA,NA,NA,4.2,NA
Jun-97,6.6,3.0,NA,NA,NA,3.0,NA,NA,NA,NA,NA,NA,8.8,NA,21.3,NA,6.4,NA,1.7,NA,NA,NA,NA,NA,8.7,NA,5.7,NA,NA,6.2,5.7,NA,NA,7.7,4.2,NA,4.2,NA,5.8,NA,NA,NA,NA,6.6,8.0,NA,NA,NA,NA,NA,NA,5.5,NA,NA,,6.2,7.3,NA,NA,NA,NA,4.2,NA
Jul-97,6.3,3.0,NA,NA,NA,2.6,NA,NA,NA,NA,NA,NA,7.8,NA,17.0,NA,6.1,NA,1.4,NA,NA,NA,NA,NA,7.4,NA,12.3,NA,NA,6.5,5.5,NA,NA,7.1,3.6,NA,1.6,NA,6.7,NA,NA,NA,NA,6.6,6.9,NA,NA,NA,NA,NA,NA,5.0,NA,NA,,6.2,7.1,NA,NA,NA,NA,3.9,NA
Aug-97,5.9,2.8,NA,NA,NA,2.7,NA,NA,NA,NA,NA,NA,8.0,NA,21.1,NA,5.9,NA,1.3,NA,NA,NA,NA,NA,6.4,NA,8.0,NA,NA,5.9,5.6,NA,NA,7.0,4.3,NA,1.5,NA,4.5,NA,NA,NA,NA,7.4,6.4,NA,NA,NA,NA,NA,NA,4.8,NA,NA,,5.6,6.1,NA,NA,NA,NA,3.8,NA
Sep-97,6.1,3.4,NA,NA,NA,2.9,NA,NA,NA,NA,NA,NA,9.2,NA,15.8,NA,6.0,NA,1.4,NA,NA,NA,NA,NA,6.0,NA,7.0,NA,NA,7.3,5.8,NA,NA,7.7,3.8,NA,4.4,NA,6.8,NA,NA,NA,NA,7.2,6.2,NA,NA,NA,NA,NA,NA,5.2,NA,NA,,5.5,6.8,NA,NA,NA,NA,4.0,NA
Oct-97,5.5,2.4,NA,NA,NA,3.0,NA,NA,NA,NA,NA,NA,8.7,NA,13.2,NA,5.6,NA,1.1,NA,NA,NA,NA,NA,7.1,NA,5.8,NA,NA,6.2,5.1,NA,NA,6.9,3.2,NA,3.6,NA,5.8,NA,NA,NA,NA,5.9,5.2,NA,NA,NA,NA,NA,NA,4.9,NA,NA,,5.5,6.0,NA,NA,NA,NA,3.5,NA
Nov-97,6.7,2.9,NA,NA,NA,2.8,NA,NA,NA,NA,NA,NA,9.9,NA,15.0,NA,6.8,NA,1.1,NA,NA,NA,NA,NA,7.1,NA,7.0,NA,NA,8.7,6.4,NA,NA,8.4,3.7,NA,4.7,NA,6.6,NA,NA,NA,NA,9.6,6.1,NA,NA,NA,NA,NA,NA,5.7,NA,NA,,5.9,7.4,NA,NA,NA,NA,3.9,NA
Dec-97,4.8,2.0,NA,NA,NA,2.3,NA,NA,NA,NA,NA,NA,9.7,NA,23.5,NA,5.2,NA,0.6,NA,NA,NA,NA,NA,7.3,NA,5.0,NA,NA,3.8,5.3,NA,NA,6.7,2.1,NA,1.7,NA,4.1,NA,NA,NA,NA,6.4,4.6,NA,NA,NA,NA,NA,NA,4.5,NA,NA,,4.6,5.1,NA,NA,NA,NA,2.9,NA
Jan-98,6.9,3.4,NA,NA,NA,3.4,NA,NA,NA,NA,NA,NA,13.4,NA,26.4,NA,6.9,NA,1.5,NA,NA,NA,NA,NA,7.4,NA,7.8,NA,NA,7.7,7.3,NA,8.4,10.1,2.6,NA,3.2,NA,6.3,NA,NA,NA,NA,6.3,7.3,NA,NA,NA,NA,NA,NA,6.9,NA,NA,,6.2,7.1,NA,NA,NA,7.4,4.2,NA
Feb-98,7.5,3.2,NA,NA,NA,3.1,NA,NA,NA,NA,NA,NA,11.8,NA,29.3,NA,8.2,NA,1.3,NA,NA,NA,NA,NA,7.7,NA,8.2,NA,NA,8.0,6.3,NA,9.6,9.6,4.2,NA,3.4,NA,6.8,NA,NA,NA,NA,6.0,5.8,NA,NA,NA,NA,NA,NA,6.7,NA,NA,,6.0,8.4,NA,NA,NA,8.1,4.0,NA
Mar-98,5.3,2.0,NA,NA,NA,1.5,NA,NA,NA,NA,NA,NA,8.8,NA,21.1,NA,5.4,NA,2.2,NA,NA,NA,NA,NA,5.7,NA,6.0,NA,NA,6.8,4.9,NA,7.0,7.0,2.7,NA,3.0,NA,5.0,NA,NA,NA,NA,5.4,5.1,NA,NA,NA,NA,NA,NA,4.6,NA,NA,,4.4,5.7,NA,NA,NA,6.2,3.0,NA
Apr-98,5.0,1.9,NA,NA,NA,1.6,NA,NA,NA,NA,NA,NA,7.7,NA,14.8,NA,4.8,NA,2.0,NA,NA,NA,NA,NA,5.4,NA,5.4,NA,NA,6.0,4.7,NA,6.7,7.4,2.9,NA,3.9,NA,5.2,NA,NA,NA,NA,5.3,5.9,NA,NA,NA,NA,NA,NA,4.6,NA,NA,,4.1,5.3,NA,NA,NA,6.1,3.0,NA
May-98,4.5,2.0,NA,NA,NA,1.7,NA,NA,NA,NA,NA,NA,6.3,NA,18.7,NA,4.3,NA,2.2,NA,NA,NA,NA,NA,6.6,NA,5.3,NA,NA,6.7,4.6,NA,3.5,6.4,2.9,NA,5.3,NA,4.3,NA,NA,NA,NA,3.4,3.1,NA,NA,NA,NA,NA,NA,3.9,NA,NA,,4.8,4.5,NA,NA,NA,5.2,2.5,NA
Jun-98,4.4,2.1,NA,NA,NA,1.7,NA,NA,NA,NA,NA,NA,6.0,NA,21.5,NA,4.4,NA,2.3,NA,NA,NA,NA,NA,3.8,NA,6.1,NA,NA,4.5,4.0,NA,2.6,6.0,3.1,NA,4.5,NA,3.8,NA,NA,NA,NA,3.0,2.5,NA,NA,NA,NA,NA,NA,3.9,NA,NA,,4.8,3.7,NA,NA,NA,3.1,2.4,NA
Jul-98,4.9,2.4,NA,NA,NA,2.4,NA,NA,NA,NA,NA,NA,5.8,NA,13.3,NA,4.7,NA,2.3,NA,NA,NA,NA,NA,4.6,NA,5.5,NA,NA,4.1,4.3,NA,2.8,6.2,3.0,NA,3.8,NA,5.6,NA,NA,NA,NA,3.5,3.2,NA,NA,NA,NA,NA,NA,3.0,NA,NA,,4.2,3.8,NA,NA,NA,3.2,2.7,NA
Aug-98,5.2,3.0,NA,NA,NA,2.6,NA,NA,NA,NA,NA,NA,5.9,NA,26.7,NA,5.4,NA,3.1,NA,NA,NA,NA,NA,3.4,NA,6.5,NA,NA,6.9,4.6,NA,2.4,7.3,3.8,NA,4.1,NA,3.7,NA,NA,NA,NA,3.6,3.4,NA,NA,NA,NA,NA,NA,4.0,NA,NA,,4.6,4.4,NA,NA,NA,3.4,3.1,NA
Sep-98,5.4,3.3,NA,NA,NA,2.9,NA,NA,NA,NA,NA,NA,6.6,NA,16.4,NA,5.4,NA,3.8,NA,NA,NA,NA,NA,4.5,NA,5.4,NA,NA,7.3,4.6,NA,2.4,8.0,7.4,NA,4.5,NA,5.6,NA,NA,NA,NA,3.0,3.4,NA,NA,NA,NA,NA,NA,3.8,NA,NA,,3.7,4.2,NA,NA,NA,3.5,3.6,NA
Oct-98,5.3,3.5,NA,NA,NA,2.8,NA,NA,NA,NA,NA,NA,7.6,NA,15.9,NA,5.7,NA,3.7,NA,NA,NA,NA,NA,3.7,NA,7.5,NA,NA,7.7,4.6,NA,1.5,7.7,3.4,NA,4.2,NA,3.7,NA,NA,NA,NA,2.9,3.6,NA,NA,NA,NA,NA,NA,4.4,NA,NA,,5.4,4.4,NA,NA,NA,3.3,3.3,NA
Nov-98,5.6,2.6,NA,NA,NA,2.4,NA,NA,NA,NA,NA,NA,7.6,NA,19.3,NA,6.3,NA,3.2,NA,NA,NA,NA,NA,4.0,NA,9.1,NA,NA,8.0,4.5,NA,1.9,10.0,2.2,NA,4.4,NA,3.7,NA,NA,NA,NA,3.5,3.2,NA,NA,NA,NA,NA,NA,5.4,NA,NA,,5.4,4.9,NA,NA,NA,3.4,2.8,NA
Dec-98,4.4,NA,NA,NA,NA,NA,NA,NA,NA,NA,NA,NA,5.4,NA,13.6,NA,4.6,NA,2.0,NA,NA,NA,NA,NA,3.3,NA,3.7,NA,NA,6.2,3.4,NA,1.1,6.9,1.6,NA,3.3,NA,3.0,NA,NA,NA,NA,2.7,2.5,NA,NA,NA,NA,NA,NA,5.6,NA,NA,,4.7,3.3,NA,NA,NA,2.5,2.2,NA
Jan-99,6.1,10.5,NA,NA,NA,4.0,NA,NA,NA,NA,NA,NA,9.0,NA,18.9,NA,7.2,NA,3.8,NA,NA,NA,NA,NA,3.7,NA,5.7,NA,NA,9.8,5.6,NA,2.3,9.8,3.6,NA,5.4,NA,4.5,NA,NA,NA,NA,3.8,3.9,NA,NA,NA,NA,NA,NA,5.5,NA,NA,,6.2,5.6,NA,NA,NA,4.1,5.6,NA
Feb-99,6.0,6.7,NA,NA,NA,3.7,NA,NA,NA,NA,NA,NA,9.3,NA,22.9,NA,8.2,NA,3.1,NA,NA,NA,NA,NA,6.5,NA,5.4,NA,NA,13.3,5.1,NA,2.6,8.8,3.6,NA,5.9,NA,3.5,NA,NA,NA,NA,2.7,4.3,NA,NA,NA,NA,NA,NA,5.8,NA,NA,,6.0,7.8,NA,NA,NA,7.6,4.7,NA
Mar-99,3.3,5.4,NA,NA,NA,2.4,NA,NA,NA,NA,NA,NA,6.7,NA,17.6,NA,4.8,NA,3.0,NA,NA,NA,NA,NA,4.3,NA,3.9,NA,NA,8.1,3.8,NA,1.9,7.1,2.4,NA,4.2,NA,3.4,NA,NA,NA,NA,2.5,3.3,NA,NA,NA,NA,NA,NA,5.8,NA,NA,,3.3,4.9,NA,NA,NA,5.1,3.7,NA
Apr-99,3.6,1.5,NA,NA,NA,11.3,NA,NA,NA,NA,NA,NA,5.6,NA,12.7,NA,5.0,NA,2.3,NA,NA,NA,NA,NA,3.6,NA,3.8,NA,NA,4.3,3.8,NA,2.0,6.1,2.4,NA,3.9,NA,2.9,NA,NA,NA,NA,2.3,3.6,NA,NA,NA,NA,NA,NA,3.8,NA,NA,,3.6,3.9,NA,NA,NA,2.8,3.9,NA
May-99,4.1,1.7,NA,NA,NA,11.9,NA,NA,NA,NA,NA,NA,NA,NA,14.4,NA,5.5,NA,2.8,NA,NA,NA,NA,NA,3.4,NA,2.2,NA,NA,3.9,3.6,NA,3.3,7.1,2.7,NA,4.0,NA,3.0,NA,NA,NA,NA,2.4,3.3,NA,NA,NA,NA,NA,NA,4.0,NA,NA,,4.1,4.8,NA,NA,NA,3.6,4.1,NA
Jun-99,3.6,1.4,NA,NA,NA,11.6,NA,NA,NA,NA,NA,NA,NA,NA,15.0,NA,4.6,NA,2.3,NA,NA,NA,NA,NA,3.2,NA,2.7,NA,NA,4.4,3.1,NA,1.9,4.5,2.2,NA,3.3,NA,3.2,NA,NA,NA,NA,2.1,3.0,NA,NA,NA,NA,NA,NA,4.1,NA,NA,,3.6,3.4,NA,NA,NA,2.6,3.7,NA
Jul-99,3.1,1.5,NA,NA,NA,1.3,NA,NA,NA,NA,NA,NA,NA,NA,10.9,NA,4.6,NA,2.2,NA,NA,NA,NA,NA,2.8,NA,2.8,NA,NA,4.5,3.0,NA,1.9,5.9,2.5,NA,3.4,NA,3.9,NA,NA,NA,NA,2.0,3.0,NA,NA,NA,NA,NA,NA,4.2,NA,NA,,3.1,3.5,NA,NA,NA,2.6,1.9,NA
Aug-99,4.0,1.7,NA,NA,NA,NA,NA,NA,NA,NA,NA,NA,NA,NA,10.8,NA,5.1,NA,2.6,NA,NA,NA,NA,NA,3.8,NA,3.1,NA,NA,5.1,3.3,NA,1.9,6.1,2.8,NA,3.5,NA,5.9,NA,NA,NA,NA,1.9,2.7,NA,NA,NA,NA,NA,NA,3.9,NA,NA,,4.0,3.7,NA,NA,NA,2.8,2.2,NA
Sep-99,3.6,4.9,NA,NA,NA,2.2,NA,NA,NA,NA,NA,NA,NA,NA,13.7,NA,3.4,NA,2.6,NA,NA,NA,NA,NA,3.3,NA,3.3,NA,NA,4.9,3.2,NA,3.6,6.1,2.6,NA,3.8,NA,4.2,NA,NA,NA,NA,2.5,2.9,NA,NA,NA,NA,NA,NA,3.6,NA,NA,,3.6,4.2,NA,NA,NA,4.0,3.4,NA
Oct-99,3.5,3.2,NA,NA,NA,5.1,NA,NA,NA,NA,NA,NA,NA,NA,9.1,NA,4.7,NA,2.7,NA,NA,NA,NA,NA,3.1,NA,3.3,NA,NA,5.5,2.9,NA,3.2,5.8,2.1,NA,3.3,NA,3.7,NA,NA,NA,NA,1.9,2.9,NA,NA,NA,NA,NA,NA,3.8,NA,NA,,3.5,4.0,NA,NA,NA,3.9,3.0,NA
Nov-99,3.8,1.6,NA,NA,NA,5.4,NA,NA,NA,NA,NA,NA,NA,NA,11.2,NA,3.2,NA,1.9,NA,NA,NA,NA,NA,3.5,NA,3.1,NA,NA,5.9,3.1,NA,5.6,6.1,2.1,NA,4.3,NA,3.8,NA,NA,NA,NA,2.3,2.4,NA,NA,NA,NA,NA,NA,3.8,NA,NA,,3.8,4.6,NA,NA,NA,5.8,2.5,NA
Dec-99,2.8,3.1,NA,NA,NA,4.3,NA,NA,NA,NA,NA,NA,NA,NA,11.1,NA,3.9,NA,1.5,NA,NA,NA,NA,NA,2.4,NA,2.0,NA,NA,4.2,2.6,NA,4.3,5.1,1.5,NA,3.3,NA,2.9,NA,NA,NA,NA,1.7,1.7,NA,NA,NA,NA,NA,NA,3.2,NA,NA,,2.8,3.8,NA,NA,NA,4.3,2.5,NA
Jan-00,5.0,1.2,NA,NA,NA,4.1,NA,NA,NA,NA,NA,NA,NA,NA,14.8,NA,6.2,NA,3.2,NA,NA,NA,NA,NA,4.5,NA,4.1,NA,NA,5.5,4.1,NA,4.5,7.2,2.2,NA,4.4,NA,4.8,NA,NA,NA,NA,2.7,3.1,NA,NA,NA,NA,NA,NA,5.6,NA,NA,,3.8,5.7,NA,NA,NA,4.9,2.5,NA
Feb-00,4.3,1.2,NA,NA,NA,4.1,NA,NA,NA,NA,NA,NA,NA,NA,16.7,NA,6.3,NA,2.0,NA,NA,NA,NA,NA,3.4,NA,3.3,NA,NA,5.3,4.6,NA,4.4,5.9,2.0,NA,5.6,NA,4.3,NA,NA,NA,NA,2.2,2.8,NA,NA,NA,NA,NA,NA,5.0,NA,NA,,3.4,5.4,NA,NA,NA,4.7,2.2,NA
Mar-00,3.0,0.9,NA,NA,NA,3.2,NA,NA,NA,NA,NA,NA,NA,NA,6.5,NA,3.8,NA,1.9,NA,NA,NA,NA,NA,2.5,NA,2.2,NA,NA,3.5,3.9,NA,3.1,4.3,2.2,NA,4.1,NA,2.7,NA,NA,NA,NA,1.6,2.2,NA,NA,NA,NA,NA,NA,2.9,NA,NA,,2.3,3.2,NA,NA,NA,3.3,1.8,NA
Apr-00,3.1,1.3,NA,NA,NA,3.5,NA,NA,NA,NA,NA,NA,NA,NA,9.4,NA,4.1,NA,2.1,NA,NA,NA,NA,NA,2.7,NA,2.4,NA,NA,5.3,4.2,NA,4.1,5.1,2.9,NA,4.8,NA,3.4,NA,NA,NA,NA,2.0,2.7,NA,NA,NA,NA,NA,NA,3.4,NA,NA,,2.2,4.2,NA,NA,NA,4.7,2.2,NA
May-00,3.3,1.3,NA,NA,NA,3.1,NA,NA,NA,NA,NA,NA,NA,NA,7.8,NA,4.0,NA,2.5,NA,NA,NA,NA,NA,3.0,NA,2.3,NA,NA,3.0,3.3,NA,3.9,5.3,2.5,NA,4.3,NA,3.3,NA,NA,NA,NA,1.7,2.7,NA,NA,NA,NA,NA,NA,3.4,NA,NA,,2.4,3.8,NA,NA,NA,3.4,2.1,NA
Jun-00,3.0,1.5,NA,NA,NA,3.1,NA,NA,NA,NA,NA,NA,NA,NA,5.5,NA,4.1,NA,2.5,NA,NA,NA,NA,NA,2.6,NA,2.2,NA,NA,3.6,3.1,NA,3.7,4.7,2.7,NA,3.6,NA,3.5,NA,NA,NA,NA,1.8,2.4,NA,NA,NA,NA,NA,NA,3.5,NA,NA,,2.3,3.8,NA,NA,NA,3.6,2.1,NA
Jul-00,3.2,3.1,NA,NA,NA,4.0,NA,NA,NA,NA,NA,NA,NA,NA,5.9,NA,4.7,NA,2.8,NA,NA,NA,NA,NA,3.8,NA,2.8,NA,NA,4.6,3.7,NA,3.5,5.6,2.5,NA,4.4,NA,4.4,NA,NA,NA,NA,2.8,3.2,NA,NA,NA,NA,NA,NA,3.9,NA,NA,,2.8,4.3,NA,NA,NA,4.0,3.1,NA
Aug-00,3.1,2.2,NA,NA,NA,3.2,NA,NA,NA,NA,NA,NA,NA,NA,5.3,NA,4.2,NA,1.7,NA,NA,NA,NA,NA,4.0,NA,2.7,NA,NA,4.3,3.2,NA,3.8,5.3,2.1,NA,3.9,NA,3.0,NA,NA,NA,NA,2.0,2.6,NA,NA,NA,NA,NA,NA,3.6,NA,NA,,2.3,4.1,NA,NA,NA,4.0,2.4,NA
Sep-00,3.2,2.4,NA,NA,NA,3.3,NA,NA,NA,NA,NA,NA,NA,NA,4.7,NA,4.4,NA,2.4,NA,NA,NA,NA,NA,3.6,NA,2.5,NA,NA,2.5,3.1,NA,2.4,5.5,2.5,NA,3.8,NA,3.3,NA,NA,NA,NA,2.1,2.6,NA,NA,NA,NA,NA,NA,3.4,NA,NA,,2.6,3.4,NA,NA,NA,2.4,2.5,NA
Oct-00,3.0,2.5,NA,NA,NA,3.2,NA,NA,NA,NA,NA,NA,NA,NA,5.0,NA,4.5,NA,2.3,NA,NA,NA,NA,NA,3.2,NA,2.5,NA,NA,4.7,3.1,NA,3.5,5.5,2.0,NA,3.7,NA,NA,NA,NA,NA,NA,1.7,2.3,NA,NA,NA,NA,NA,NA,3.6,NA,NA,,2.5,4.2,NA,NA,NA,4.1,2.4,NA
Nov-00,2.6,2.6,NA,NA,NA,3.4,NA,NA,NA,NA,NA,NA,NA,NA,4.3,NA,4.1,NA,1.8,NA,NA,NA,NA,NA,3.5,NA,2.1,NA,NA,4.9,2.8,NA,2.3,5.5,2.2,NA,3.6,NA,4.3,NA,NA,NA,NA,2.0,2.4,NA,NA,NA,NA,NA,NA,3.8,NA,NA,,2.1,4.0,NA,NA,NA,4.2,2.5,NA
Dec-00,2.7,2.2,NA,NA,NA,3.1,NA,NA,NA,NA,NA,NA,NA,NA,4.2,NA,3.6,NA,1.8,NA,NA,NA,NA,NA,3.9,NA,2.3,NA,NA,5.2,2.2,NA,2.4,5.2,1.8,NA,3.8,NA,3.6,NA,NA,NA,NA,1.6,1.9,NA,NA,NA,NA,NA,NA,3.8,NA,NA,,2.4,3.8,NA,NA,NA,4.4,2.1,NA
Jan-01,4.2,3.6,NA,NA,NA,5.6,NA,NA,NA,NA,NA,NA,NA,NA,5.2,NA,5.6,NA,3.3,NA,NA,NA,NA,NA,4.6,NA,3.3,NA,NA,7.1,3.6,NA,4.9,7.5,3.5,NA,4.6,NA,5.1,NA,NA,NA,NA,2.0,3.8,NA,NA,NA,NA,NA,NA,4.8,NA,NA,,4.1,5.5,NA,NA,NA,6.0,3.6,NA
Feb-01,4.0,4.8,NA,NA,NA,6.4,NA,NA,NA,NA,NA,NA,NA,NA,6.6,NA,5.5,NA,4.3,NA,8.6,NA,NA,NA,4.4,NA,3.1,NA,NA,6.7,4.2,NA,5.2,7.6,4.9,NA,5.5,NA,NA,NA,NA,NA,NA,3.1,4.3,NA,NA,NA,NA,NA,NA,5.6,NA,NA,,3.2,5.6,NA,NA,NA,6.0,4.5,NA
Mar-01,3.1,3.7,NA,NA,NA,4.5,NA,NA,NA,NA,NA,NA,NA,NA,6.4,NA,3.7,NA,4.1,NA,7.1,NA,NA,NA,3.9,NA,2.2,NA,NA,2.8,3.2,NA,4.9,5.4,3.6,NA,3.8,NA,NA,NA,NA,NA,NA,2.3,4.0,NA,NA,NA,NA,NA,NA,3.6,NA,NA,,3.3,3.7,NA,NA,NA,4.0,3.6,NA
Apr-01,4.0,5.5,NA,NA,NA,5.8,NA,NA,NA,NA,NA,NA,NA,NA,6.7,NA,4.0,NA,4.8,NA,8.6,NA,NA,NA,4.6,NA,2.5,NA,NA,2.7,4.2,NA,3.9,6.1,4.4,NA,2.8,NA,NA,NA,NA,NA,NA,3.2,6.0,NA,NA,NA,NA,NA,NA,4.5,NA,NA,,3.4,3.8,NA,NA,NA,3.6,5.0,NA
May-01,3.6,4.4,NA,NA,NA,6.5,NA,NA,NA,NA,NA,NA,NA,NA,5.7,NA,3.0,NA,6.1,NA,6.9,NA,NA,NA,5.9,NA,2.2,NA,NA,2.7,3.7,NA,5.5,6.1,3.7,NA,3.8,NA,NA,NA,NA,NA,NA,6.8,5.5,NA,NA,NA,NA,NA,NA,3.2,NA,NA,,3.1,3.2,NA,NA,NA,4.4,5.0,NA
Jun-01,3.4,4.7,NA,NA,NA,5.3,NA,NA,NA,NA,NA,NA,NA,NA,7.2,NA,3.2,NA,5.3,NA,5.0,NA,NA,NA,4.7,NA,2.2,NA,NA,2.7,3.6,NA,2.7,5.5,3.5,NA,4.9,NA,4.5,NA,NA,NA,NA,3.7,5.3,NA,NA,NA,NA,NA,NA,3.3,NA,NA,,3.0,2.9,NA,NA,NA,2.7,4.6,NA
Jul-01,3.5,4.4,NA,NA,NA,5.0,NA,NA,NA,NA,NA,NA,NA,NA,5.7,NA,3.3,NA,5.3,NA,5.6,NA,NA,NA,5.9,NA,2.4,NA,NA,3.0,3.7,NA,3.2,5.7,3.5,NA,5.5,NA,3.6,NA,NA,NA,NA,5.0,6.3,NA,NA,NA,NA,NA,NA,3.5,NA,NA,,3.0,3.1,NA,NA,NA,3.1,4.7,NA
Aug-01,3.1,3.8,NA,NA,NA,4.3,NA,NA,NA,NA,NA,NA,NA,NA,8.5,NA,3.0,NA,4.9,NA,5.8,NA,NA,NA,4.5,NA,2.4,NA,NA,2.5,3.1,NA,3.1,5.1,3.4,NA,4.5,NA,4.6,NA,NA,NA,NA,5.4,NA,NA,NA,NA,NA,NA,NA,2.9,NA,NA,,2.5,2.9,NA,NA,NA,2.9,4.0,NA
Sep-01,3.9,5.0,NA,NA,NA,5.6,NA,NA,NA,NA,NA,NA,NA,NA,8.0,NA,3.9,NA,7.1,NA,7.3,NA,NA,NA,6.5,NA,2.8,NA,NA,3.2,4.2,NA,2.5,6.6,4.8,NA,5.8,NA,6.0,NA,NA,NA,NA,5.8,NA,NA,NA,NA,NA,NA,NA,3.6,NA,NA,,3.3,3.7,NA,NA,NA,2.9,5.4,NA
Oct-01,4.0,4.1,NA,NA,NA,5.9,NA,NA,NA,NA,NA,NA,NA,NA,5.8,NA,3.9,NA,8.3,NA,5.4,NA,NA,NA,6.8,NA,2.8,NA,NA,3.3,3.8,NA,4.7,6.1,4.5,NA,5.6,NA,5.3,NA,NA,NA,NA,5.6,5.8,NA,NA,NA,NA,NA,NA,NA,NA,NA,,3.9,3.8,NA,NA,NA,4.3,5.2,NA
Nov-01,3.5,4.3,NA,NA,NA,4.8,NA,NA,NA,NA,NA,NA,3.4,NA,6.7,NA,3.9,NA,6.0,NA,6.2,NA,NA,NA,6.6,NA,2.5,NA,NA,4.0,4.5,NA,2.1,0.6,3.7,NA,6.9,NA,5.7,NA,NA,NA,NA,5.4,5.5,NA,NA,NA,NA,NA,NA,2.9,NA,NA,,2.1,3.6,NA,NA,NA,3.1,4.7,NA
Dec-01,2.8,3.4,NA,NA,NA,4.8,NA,NA,NA,NA,NA,NA,3.2,NA,7.7,NA,3.0,NA,7.0,NA,6.8,NA,NA,NA,5.9,NA,2.5,NA,NA,3.0,3.1,NA,1.1,0.5,2.4,NA,5.3,NA,4.5,NA,NA,NA,NA,5.8,5.6,NA,NA,NA,NA,NA,NA,NA,NA,NA,,1.9,2.7,NA,NA,NA,1.8,4.3,NA
Jan-02,3.1,3.4,NA,NA,NA,4.1,NA,NA,NA,NA,NA,NA,3.9,NA,9.6,NA,3.4,NA,7.0,NA,4.6,NA,NA,NA,6.2,NA,1.9,NA,NA,3.3,3.5,NA,3.4,0.9,2.9,NA,6.0,NA,3.9,NA,NA,NA,NA,5.1,5.0,NA,NA,NA,NA,NA,NA,NA,NA,NA,,2.6,3.3,NA,NA,NA,3.3,4.2,NA
Feb-02,3.0,3.4,NA,NA,NA,4.8,NA,NA,NA,NA,NA,NA,NA,NA,9.6,NA,3.1,NA,6.0,NA,7.9,NA,NA,NA,4.8,NA,2.0,NA,NA,3.1,3.0,NA,2.4,2.8,3.1,NA,5.9,NA,4.7,NA,NA,NA,NA,4.8,4.4,NA,NA,NA,NA,NA,NA,2.4,NA,NA,,2.1,2.9,NA,NA,NA,2.8,4.0,NA
Mar-02,3.1,2.7,NA,NA,NA,3.2,NA,NA,NA,NA,NA,NA,NA,NA,1.0,NA,2.1,NA,3.9,NA,4.3,NA,NA,NA,3.8,NA,1.2,NA,NA,1.9,2.7,NA,2.2,2.2,2.6,NA,4.4,NA,3.2,NA,NA,NA,NA,3.6,3.2,NA,NA,NA,NA,5.4,NA,1.6,NA,NA,,1.6,2.0,NA,NA,NA,2.1,3.0,NA
Apr-02,2.0,2.5,NA,NA,NA,NA,NA,NA,NA,NA,NA,NA,NA,NA,6.9,NA,2.0,NA,3.8,NA,4.9,NA,NA,NA,NA,NA,1.3,NA,NA,1.7,2.7,NA,1.8,2.4,2.0,NA,3.8,NA,4.3,NA,NA,NA,NA,3.2,3.1,NA,NA,NA,NA,3.3,NA,1.5,NA,NA,,1.5,1.9,NA,NA,NA,1.7,2.7,NA
May-02,2.1,2.6,NA,NA,NA,3.0,NA,NA,NA,NA,NA,NA,NA,NA,6.6,NA,2.0,NA,3.7,NA,3.5,NA,NA,NA,4.2,NA,1.4,NA,NA,1.6,2.7,NA,1.8,2.4,2.5,NA,3.1,NA,3.2,NA,NA,NA,NA,2.6,2.8,NA,NA,NA,NA,2.3,NA,1.5,NA,NA,,1.5,1.9,NA,NA,NA,1.7,2.8,NA
Jun-02,2.4,2.7,NA,NA,NA,3.5,NA,NA,NA,NA,NA,NA,2.5,NA,6.5,NA,2.2,NA,4.8,NA,4.8,NA,NA,NA,3.9,NA,1.1,NA,NA,1.8,3.1,NA,1.9,2.8,2.8,NA,3.8,NA,2.8,NA,NA,NA,NA,2.5,3.5,NA,NA,NA,NA,1.0,NA,1.7,NA,NA,,2.1,2.0,NA,NA,NA,1.9,3.1,NA
Jul-02,2.5,3.1,NA,NA,NA,3.9,NA,NA,NA,NA,NA,NA,2.2,NA,6.6,NA,2.5,NA,5.2,NA,4.4,NA,NA,NA,4.6,NA,2.0,NA,NA,1.6,3.2,NA,2.3,3.2,0.6,NA,3.3,NA,3.9,NA,NA,NA,NA,3.0,3.3,NA,NA,NA,NA,2.5,NA,1.8,NA,NA,,2.0,2.2,NA,NA,NA,1.9,3.2,NA
Aug-02,2.5,3.3,NA,NA,NA,3.7,NA,NA,NA,NA,NA,NA,2.1,NA,5.8,NA,2.6,NA,NA,NA,4.3,NA,NA,NA,3.8,NA,2.3,NA,NA,2.0,3.2,NA,1.8,3.4,1.1,NA,3.6,NA,2.4,NA,NA,NA,NA,3.3,3.3,NA,NA,NA,NA,2.4,NA,1.8,NA,NA,,1.8,2.3,NA,NA,NA,1.9,3.1,NA
Sep-02,3.2,3.9,NA,NA,NA,4.5,NA,NA,NA,NA,NA,NA,2.7,NA,7.7,NA,3.2,NA,6.8,NA,4.2,NA,NA,NA,4.6,NA,3.3,NA,NA,4.3,3.7,NA,2.1,4.4,1.9,NA,4.7,NA,2.1,NA,NA,NA,NA,3.7,4.1,NA,NA,NA,NA,2.1,NA,2.6,NA,NA,,3.3,3.2,NA,NA,NA,3.8,4.0,NA
Oct-02,3.0,3.8,NA,NA,NA,3.4,NA,NA,NA,NA,NA,NA,2.3,NA,5.5,NA,2.8,NA,5.2,NA,4.2,NA,NA,NA,4.1,NA,2.4,NA,NA,2.7,3.6,NA,2.1,4.2,3.3,NA,4.4,NA,2.7,NA,NA,NA,NA,2.7,3.3,NA,NA,NA,NA,2.3,NA,2.4,NA,NA,,2.5,2.6,NA,NA,NA,2.3,3.5,NA
Nov-02,3.2,3.5,NA,NA,NA,3.9,NA,NA,NA,NA,NA,NA,2.3,NA,6.8,NA,2.9,NA,4.2,NA,3.4,NA,NA,NA,3.8,NA,2.5,NA,NA,2.6,3.7,NA,1.8,4.7,4.4,NA,4.6,NA,1.9,NA,NA,NA,NA,2.5,2.4,NA,NA,NA,NA,NA,NA,2.6,NA,NA,,2.9,2.7,NA,NA,NA,2.3,3.3,NA
Dec-02,2.5,2.2,NA,NA,NA,2.7,NA,NA,NA,NA,NA,NA,2.0,NA,4.3,NA,2.3,NA,3.4,NA,2.7,NA,NA,NA,3.4,NA,2.1,NA,NA,2.6,2.3,NA,1.3,3.9,2.4,NA,5.7,NA,2.0,NA,NA,NA,NA,2.0,1.9,NA,NA,NA,NA,1.4,NA,1.7,NA,NA,,2.0,2.1,NA,NA,NA,1.9,2.3,NA
Jan-03,2.8,3.5,NA,NA,NA,4.0,NA,NA,NA,NA,NA,NA,2.2,NA,8.8,NA,3.2,NA,5.0,NA,4.5,NA,NA,NA,5.3,NA,2.6,NA,NA,3.6,3.9,NA,2.0,5.2,4.1,NA,6.6,NA,3.2,NA,NA,NA,NA,2.9,2.6,NA,NA,NA,NA,2.2,NA,2.4,NA,NA,,2.3,3.1,NA,NA,NA,2.8,3.4,NA
Feb-03,3.4,4.9,NA,NA,NA,4.7,NA,NA,NA,NA,NA,NA,2.9,NA,8.4,NA,3.2,NA,6.9,NA,4.5,NA,NA,NA,3.8,NA,2.6,NA,NA,2.7,4.7,NA,2.4,5.4,6.0,NA,6.0,NA,3.3,NA,NA,NA,NA,3.0,2.8,NA,NA,NA,NA,3.0,NA,2.1,NA,NA,,3.2,3.0,NA,NA,NA,2.6,4.3,NA
Mar-03,2.7,3.8,NA,NA,NA,4.4,NA,NA,NA,NA,NA,NA,1.9,NA,7.9,NA,2.2,NA,4.5,NA,3.4,NA,NA,NA,3.4,NA,1.7,NA,NA,2.0,1.8,NA,1.7,4.3,5.0,NA,5.1,NA,3.9,NA,NA,NA,NA,2.0,2.3,NA,NA,NA,NA,2.2,NA,1.9,NA,NA,,2.6,2.1,NA,NA,NA,1.8,3.6,NA
Apr-03,2.6,3.4,NA,NA,NA,3.8,NA,NA,NA,NA,NA,NA,1.8,NA,6.9,NA,1.9,NA,3.6,NA,4.6,NA,NA,NA,3.8,NA,1.5,NA,NA,1.9,1.2,NA,1.7,4.0,4.3,NA,4.3,NA,3.5,NA,NA,NA,NA,2.3,1.9,NA,NA,NA,NA,2.3,NA,1.2,NA,NA,,2.5,1.8,NA,NA,NA,1.9,3.2,NA
May-03,2.3,3.0,NA,NA,NA,3.6,NA,NA,NA,NA,NA,NA,1.8,NA,8.3,NA,1.8,NA,3.7,NA,5.3,NA,NA,NA,3.4,NA,1.3,NA,NA,1.3,3.1,NA,1.2,3.6,1.2,NA,4.8,NA,3.9,NA,NA,NA,NA,1.8,1.8,NA,NA,NA,NA,2.4,NA,1.8,NA,NA,,2.2,1.8,NA,NA,NA,1.3,2.6,NA
Jun-03,2.3,2.9,NA,3.4,NA,3.9,NA,NA,NA,NA,NA,NA,1.7,NA,5.7,NA,1.9,NA,2.9,NA,4.1,NA,NA,NA,3.5,NA,1.1,NA,NA,1.2,3.3,NA,1.9,3.7,4.3,NA,4.3,NA,3.4,NA,NA,NA,NA,2.0,2.0,NA,NA,NA,NA,2.4,NA,1.8,NA,NA,,2.0,1.8,NA,NA,NA,1.5,2.9,NA
Jul-03,2.0,2.7,NA,2.8,NA,3.4,NA,NA,NA,NA,NA,NA,1.8,NA,6.2,NA,1.7,NA,2.6,NA,5.2,NA,NA,NA,2.8,NA,1.1,NA,NA,1.1,3.2,NA,2.1,3.2,2.8,NA,4.1,NA,3.0,NA,NA,NA,NA,1.4,2.0,NA,NA,NA,NA,2.2,NA,1.6,NA,NA,,1.9,1.7,NA,NA,NA,1.5,2.5,NA
Aug-03,2.0,2.5,NA,6.9,NA,2.9,NA,NA,NA,NA,NA,NA,1.7,NA,5.5,NA,1.8,NA,2.7,NA,4.7,NA,NA,NA,3.1,NA,1.2,NA,NA,1.4,2.9,NA,1.6,3.1,4.0,NA,4.9,NA,2.4,NA,NA,NA,NA,2.0,1.9,NA,NA,NA,NA,2.0,NA,1.1,NA,NA,,1.7,1.6,NA,NA,NA,1.5,2.5,NA
Sep-03,2.1,2.4,NA,4.0,NA,3.2,NA,NA,NA,NA,NA,NA,1.8,NA,4.2,NA,1.9,NA,3.4,NA,4.0,NA,NA,NA,3.1,NA,1.3,NA,NA,1.7,3.0,NA,1.3,3.6,2.5,NA,5.0,NA,3.2,NA,NA,NA,NA,2.0,2.1,NA,NA,NA,NA,1.9,NA,1.4,NA,NA,,1.8,1.7,NA,NA,NA,1.5,2.5,NA
Oct-03,2.1,2.7,NA,3.0,NA,2.8,NA,NA,NA,NA,NA,NA,1.7,NA,4.6,NA,1.8,NA,3.2,NA,4.2,NA,NA,NA,3.4,NA,1.2,NA,NA,1.6,2.9,NA,1.3,3.8,2.9,NA,4.0,NA,2.8,NA,NA,NA,NA,1.6,1.8,NA,NA,NA,NA,1.9,NA,1.6,NA,NA,,1.8,1.7,NA,NA,NA,1.5,2.4,NA
Nov-03,2.2,2.7,NA,4.0,NA,3.0,NA,NA,NA,NA,NA,NA,1.7,NA,6.0,NA,1.8,NA,2.9,NA,5.6,NA,NA,NA,3.3,NA,1.1,NA,NA,1.6,2.9,NA,1.0,4.8,2.8,NA,5.0,NA,3.4,NA,NA,NA,NA,1.9,2.0,NA,NA,NA,NA,2.0,NA,1.6,NA,NA,,2.0,1.6,NA,NA,NA,1.3,2.6,NA
Dec-03,1.9,1.6,NA,3.2,NA,1.6,NA,NA,NA,NA,NA,NA,1.6,NA,4.8,NA,1.2,NA,2.2,NA,4.1,NA,NA,NA,2.7,NA,0.8,NA,NA,1.1,2.3,NA,1.0,5.0,1.3,NA,3.7,NA,2.3,NA,NA,NA,NA,1.5,1.7,NA,NA,NA,NA,1.2,NA,1.2,NA,NA,,1.6,1.2,NA,NA,NA,1.1,1.4,NA
Jan-04,2.3,3.0,NA,3.0,NA,3.2,NA,NA,NA,NA,NA,NA,1.9,NA,7.5,NA,1.7,NA,3.1,NA,4.8,NA,NA,NA,4.0,NA,0.6,NA,NA,1.8,3.3,NA,1.5,4.9,3.2,NA,4.9,NA,3.1,NA,NA,NA,NA,2.1,1.8,NA,NA,NA,NA,2.2,NA,1.4,NA,NA,,2.4,1.5,NA,NA,NA,1.7,2.0,NA
Feb-04,1.8,1.5,NA,3.8,NA,4.3,NA,NA,NA,NA,NA,NA,1.5,NA,6.7,NA,1.6,NA,3.3,NA,7.4,NA,NA,NA,3.9,NA,0.9,NA,NA,1.3,3.4,NA,1.4,4.3,2.4,NA,5.6,NA,2.6,NA,NA,NA,NA,1.9,1.8,NA,NA,NA,NA,1.1,NA,2.3,NA,NA,,1.7,1.6,NA,NA,NA,1.3,2.2,NA
Mar-04,1.3,1.2,NA,1.4,NA,1.3,NA,NA,NA,NA,NA,NA,0.9,NA,4.2,NA,1.3,NA,2.0,NA,4.9,NA,NA,NA,1.9,NA,0.6,NA,NA,0.9,2.8,NA,1.2,3.2,NA,NA,3.4,NA,1.6,NA,NA,NA,NA,1.3,1.5,NA,NA,NA,NA,1.1,NA,0.9,NA,NA,,1.2,1.2,NA,NA,NA,1.0,1.4,NA
Apr-04,1.3,1.1,NA,2.0,NA,1.0,NA,NA,NA,NA,NA,NA,0.8,NA,5.6,NA,1.6,NA,0.7,NA,1.0,NA,NA,NA,0.9,NA,1.4,NA,NA,1.3,2.8,NA,1.6,3.2,2.2,NA,3.4,NA,1.6,NA,NA,NA,NA,1.0,0.7,NA,NA,NA,NA,1.2,NA,1.2,NA,NA,,1.3,1.5,NA,NA,NA,1.4,1.1,NA
May-04,1.6,1.4,NA,2.1,NA,1.2,NA,NA,NA,NA,NA,NA,1.0,NA,4.0,NA,2.3,NA,0.9,NA,1.3,NA,NA,NA,0.9,NA,2.1,NA,NA,2.2,2.6,NA,1.7,4.0,2.5,NA,3.3,NA,2.1,NA,NA,NA,NA,1.4,0.7,NA,NA,NA,NA,2.8,NA,2.1,NA,NA,,1.7,2.2,NA,NA,NA,2.0,1.3,NA
Jun-04,1.7,1.2,NA,2.6,NA,1.0,NA,NA,NA,NA,NA,NA,1.1,NA,4.4,NA,2.7,NA,0.5,NA,0.6,NA,NA,NA,0.5,NA,3.9,NA,NA,2.5,2.4,NA,1.5,4.3,2.2,NA,3.0,NA,3.1,NA,NA,NA,NA,0.4,0.5,NA,NA,NA,NA,1.2,NA,2.6,NA,NA,,2.4,2.5,NA,NA,NA,2.1,1.0,NA
Jul-04,2.4,0.9,NA,3.2,NA,1.1,NA,NA,NA,NA,NA,NA,1.2,NA,3.9,NA,3.8,NA,0.6,NA,1.4,NA,NA,NA,1.2,NA,7.5,NA,NA,3.5,2.6,NA,1.8,4.9,2.1,NA,3.4,NA,2.5,NA,NA,NA,NA,1.2,0.8,NA,NA,NA,NA,2.6,NA,3.3,NA,NA,,3.3,3.6,NA,NA,NA,2.7,1.0,NA
Aug-04,3.6,1.1,NA,3.3,NA,1.0,NA,NA,NA,NA,NA,NA,1.2,NA,4.7,NA,3.9,NA,0.7,NA,0.8,NA,NA,NA,0.9,NA,7.7,NA,NA,4.1,2.7,NA,1.6,5.5,2.3,NA,4.0,NA,2.9,NA,NA,NA,NA,1.8,0.8,NA,NA,NA,NA,2.6,NA,3.0,NA,NA,,3.7,3.6,NA,NA,NA,2.9,1.2,NA
Sep-04,3.0,1.0,NA,3.4,NA,1.2,NA,NA,NA,NA,NA,NA,1.5,NA,1.0,NA,3.9,NA,1.0,NA,0.8,NA,NA,NA,1.1,NA,7.5,NA,NA,4.4,2.9,NA,1.9,6.1,2.2,NA,3.6,NA,3.1,NA,NA,NA,NA,1.4,0.8,NA,NA,NA,NA,3.0,NA,4.0,NA,NA,,4.1,3.7,NA,NA,NA,3.2,1.2,NA
Oct-04,3.0,2.0,NA,3.6,NA,1.2,NA,NA,NA,NA,NA,NA,1.6,NA,4.7,NA,3.6,NA,0.7,NA,1.1,NA,NA,NA,0.7,NA,7.0,NA,NA,3.8,3.0,NA,2.1,5.9,2.1,NA,4.2,NA,2.8,NA,NA,NA,NA,0.9,0.5,NA,NA,NA,NA,1.4,NA,3.3,NA,NA,,4.3,3.5,NA,NA,NA,3.1,1.4,NA
Nov-04,2.0,1.3,NA,3.2,NA,0.7,NA,NA,NA,NA,NA,NA,1.7,NA,5.3,NA,3.2,NA,0.5,NA,1.0,NA,NA,NA,0.8,NA,6.2,NA,NA,3.9,2.8,NA,2.0,6.3,1.6,NA,4.0,NA,3.3,NA,NA,NA,NA,1.1,0.4,NA,NA,NA,NA,NA,NA,2.6,NA,NA,,4.2,3.2,NA,NA,NA,3.1,1.0,NA
Dec-04,3.0,1.6,NA,3.0,NA,0.5,NA,NA,NA,NA,NA,NA,1.1,NA,5.1,NA,2.4,NA,0.3,NA,0.6,NA,NA,NA,0.5,NA,4.6,NA,NA,2.9,1.9,NA,1.5,4.8,1.4,NA,3.8,NA,2.6,NA,NA,NA,NA,0.8,0.4,NA,NA,NA,NA,1.9,NA,1.0,NA,NA,,3.1,2.3,NA,NA,NA,2.4,0.9,NA
Jan-05,3.2,2.9,NA,4.1,NA,1.2,NA,NA,NA,NA,NA,NA,NA,NA,8.7,NA,3.0,NA,0.7,NA,0.9,NA,NA,NA,1.0,NA,5.4,NA,NA,3.5,3.8,NA,2.3,7.8,2.3,NA,4.8,NA,3.4,NA,NA,NA,NA,1.4,0.7,NA,NA,NA,NA,3.5,NA,2.6,NA,NA,,4.6,3.3,NA,NA,NA,3.1,1.7,NA
Feb-05,3.2,1.7,NA,3.5,NA,1.3,NA,NA,NA,NA,NA,NA,NA,NA,8.8,NA,2.9,NA,1.5,NA,2.3,NA,NA,NA,1.5,NA,6.1,NA,NA,3.0,4.2,NA,2.7,8.0,3.1,NA,5.6,NA,3.5,NA,NA,NA,NA,1.7,0.8,NA,NA,NA,NA,NA,NA,2.0,NA,NA,,4.6,3.0,NA,NA,NA,2.9,1.6,NA
Mar-05,2.7,1.6,NA,1.7,NA,1.0,NA,NA,NA,NA,NA,NA,NA,NA,5.0,NA,2.0,NA,1.0,NA,1.0,NA,NA,NA,1.1,NA,3.8,NA,NA,1.6,3.7,NA,1.4,5.6,2.4,NA,3.3,NA,2.9,NA,NA,NA,NA,1.3,0.6,NA,NA,NA,NA,2.4,NA,1.6,NA,NA,,3.0,1.9,NA,NA,NA,1.6,1.3,NA
Apr-05,2.4,1.8,NA,2.3,NA,1.1,NA,NA,NA,NA,NA,NA,NA,NA,NA,NA,2.1,NA,0.8,NA,1.1,NA,NA,NA,1.1,NA,4.1,NA,NA,1.7,3.8,NA,2.5,5.4,2.3,NA,1.6,NA,2.3,NA,NA,NA,NA,1.5,0.9,NA,NA,NA,NA,2.5,NA,1.3,NA,NA,,3.2,2.2,NA,NA,NA,2.2,1.5,NA
May-05,2.8,1.7,NA,2.1,NA,1.1,NA,NA,NA,NA,NA,NA,NA,NA,NA,NA,2.2,NA,1.0,NA,1.2,NA,NA,NA,1.1,NA,4.4,NA,NA,1.1,3.9,NA,1.9,6.0,2.2,NA,3.3,NA,2.9,NA,NA,NA,NA,1.7,0.8,NA,NA,NA,NA,2.0,NA,1.4,NA,NA,,3.4,2.0,NA,NA,NA,1.6,1.4,NA
Jun-05,2.5,1.4,NA,2.2,NA,1.0,NA,NA,NA,NA,NA,NA,NA,NA,NA,NA,2.4,NA,1.0,NA,1.7,NA,NA,NA,1.3,NA,4.0,NA,NA,1.0,3.9,NA,2.0,5.8,2.5,NA,3.5,NA,2.1,NA,NA,NA,NA,1.7,0.9,NA,NA,NA,NA,2.4,NA,1.5,NA,NA,,3.4,2.0,NA,NA,NA,1.6,1.4,NA
Jul-05,2.9,1.9,NA,2.7,NA,1.3,NA,NA,NA,NA,NA,NA,NA,NA,5.5,NA,2.9,NA,1.1,NA,0.9,NA,NA,NA,1.2,NA,4.6,NA,NA,1.4,4.2,NA,2.4,6.9,2.6,NA,3.2,NA,3.0,NA,NA,NA,NA,1.3,1.2,NA,NA,NA,NA,2.9,NA,2.1,NA,NA,,4.1,2.5,NA,NA,NA,2.0,1.6,NA
Aug-05,2.6,1.6,NA,3.3,NA,0.6,NA,NA,NA,NA,NA,NA,NA,NA,5.0,NA,2.9,NA,0.8,NA,1.6,NA,NA,NA,1.1,NA,4.5,NA,NA,1.5,4.3,NA,2.5,4.1,2.8,NA,4.0,NA,2.5,NA,NA,NA,NA,1.6,1.2,NA,NA,NA,NA,NA,NA,1.8,NA,NA,,3.2,2.5,NA,NA,NA,2.1,1.5,NA
Sep-05,3.2,2.0,NA,3.7,NA,2.1,NA,NA,NA,NA,NA,NA,2.5,NA,6.2,NA,2.9,NA,1.2,NA,1.6,NA,NA,NA,1.6,NA,5.1,NA,NA,1.9,4.5,NA,2.6,4.7,3.8,NA,4.7,NA,3.3,NA,NA,NA,NA,1.5,1.1,NA,NA,NA,NA,3.7,NA,2.1,NA,NA,,3.6,2.6,NA,NA,NA,2.3,1.9,NA
Oct-05,3.4,2.3,NA,6.9,NA,2.5,NA,NA,NA,NA,NA,NA,3.5,NA,7.2,NA,3.3,NA,0.8,6.6,1.3,NA,NA,NA,1.6,NA,5.7,NA,NA,3.2,4.9,NA,3.7,5.5,2.9,NA,5.8,NA,4.0,NA,NA,NA,NA,1.8,1.4,NA,NA,NA,NA,5.1,NA,2.8,NA,NA,,4.5,3.3,NA,NA,NA,3.5,2.0,NA
Nov-05,3.6,1.9,NA,6.5,NA,1.7,NA,NA,NA,NA,NA,NA,4.4,NA,9.6,NA,3.5,NA,0.8,5.3,1.3,NA,NA,NA,1.3,NA,6.5,NA,NA,2.1,4.9,NA,3.3,5.5,2.7,NA,4.6,NA,4.0,NA,NA,NA,NA,1.8,0.9,NA,NA,NA,NA,5.6,NA,1.5,NA,NA,,4.6,3.1,NA,NA,NA,2.8,1.7,NA
Dec-05,3.5,1.4,NA,4.5,NA,1.8,NA,NA,NA,NA,NA,NA,4.6,NA,8.4,NA,3.1,NA,0.4,22.0,0.9,NA,NA,NA,0.8,NA,6.4,NA,NA,2.0,4.0,NA,2.9,5.6,1.9,NA,4.1,NA,2.8,NA,NA,NA,NA,1.3,0.6,NA,NA,NA,NA,5.7,NA,2.3,NA,NA,,4.5,2.9,NA,NA,NA,2.5,1.3,NA
Jan-06,6.2,3.1,NA,6.4,NA,3.1,NA,NA,NA,NA,NA,NA,6.9,NA,12.3,NA,5.0,NA,1.1,6.0,1.4,NA,NA,NA,1.8,NA,8.9,NA,NA,3.9,6.4,NA,5.7,8.1,4.2,NA,6.7,NA,4.8,NA,NA,NA,NA,2.4,1.4,NA,NA,NA,NA,9.4,NA,4.1,NA,NA,,7.5,5.0,NA,NA,NA,5.1,2.7,NA
Feb-06,6.6,3.1,NA,8.0,NA,5.1,NA,NA,NA,NA,NA,NA,8.8,NA,12.4,NA,7.6,NA,2.0,8.0,1.6,NA,NA,NA,2.2,NA,10.4,NA,NA,4.1,6.4,NA,6.4,8.3,4.7,NA,7.6,NA,6.0,NA,NA,NA,NA,3.2,1.6,NA,NA,NA,NA,11.2,NA,3.5,NA,NA,,7.7,6.6,NA,NA,NA,5.5,3.2,NA
Mar-06,4.7,2.1,NA,4.5,NA,2.4,NA,NA,NA,NA,NA,NA,6.2,NA,9.3,NA,5.3,NA,1.3,8.5,1.9,NA,NA,NA,1.8,NA,6.9,NA,NA,3.4,5.1,NA,4.8,5.8,3.1,NA,2.8,NA,3.9,NA,NA,NA,NA,2.3,1.2,NA,NA,NA,NA,7.0,NA,4.0,NA,NA,,5.7,4.9,NA,NA,NA,4.2,2.1,NA
Apr-06,5.7,2.7,NA,2.8,NA,4.7,NA,NA,NA,NA,NA,NA,6.5,NA,16.7,NA,6.1,NA,1.2,13.3,2.3,NA,NA,NA,2.0,NA,10.1,NA,NA,3.7,5.6,NA,5.2,7.0,3.3,NA,4.8,NA,4.8,NA,NA,NA,NA,2.3,1.4,NA,NA,NA,NA,8.1,NA,3.8,NA,NA,,6.3,5.4,NA,NA,NA,4.6,2.6,NA
May-06,6.0,2.7,NA,7.2,NA,3.6,NA,NA,NA,NA,NA,NA,6.9,NA,14.8,NA,6.4,NA,1.6,11.8,2.9,NA,NA,NA,2.3,NA,8.8,NA,NA,4.3,5.5,NA,5.4,7.2,3.9,NA,6.1,NA,6.2,NA,NA,NA,NA,2.3,2.0,NA,NA,NA,NA,8.8,NA,3.0,NA,NA,,5.8,5.5,NA,NA,NA,5.0,2.8,NA
Jun-06,6.1,2.7,NA,7.0,NA,3.6,NA,NA,NA,NA,NA,NA,7.3,NA,12.8,NA,6.3,NA,0.5,21.7,3.5,NA,NA,NA,2.4,NA,9.0,NA,NA,6.3,6.0,NA,6.4,7.3,3.4,NA,5.3,NA,5.4,NA,NA,NA,NA,2.7,2.1,NA,NA,NA,NA,9.0,NA,3.1,NA,NA,,6.4,6.0,NA,NA,NA,6.4,2.6,NA
Jul-06,7.3,3.5,NA,18.4,NA,4.7,NA,NA,NA,NA,NA,NA,8.9,NA,18.1,NA,8.2,NA,1.4,17.1,2.1,NA,NA,NA,1.9,NA,10.8,NA,NA,5.4,5.8,NA,7.0,8.8,4.3,NA,7.9,NA,4.7,NA,NA,NA,NA,3.1,2.1,NA,NA,NA,NA,9.7,NA,2.2,NA,NA,,8.2,7.1,NA,NA,NA,6.4,3.3,NA
Aug-06,5.9,3.0,NA,7.1,NA,4.4,NA,NA,NA,NA,NA,NA,8.9,NA,13.3,NA,7.7,NA,1.0,14.8,1.8,NA,NA,NA,2.4,NA,10.1,NA,NA,4.8,6.1,NA,6.5,8.5,4.4,NA,5.3,NA,4.9,NA,NA,NA,NA,2.3,1.6,NA,NA,NA,NA,8.2,NA,2.0,NA,NA,,5.9,6.6,NA,NA,NA,5.9,2.9,NA
Sep-06,6.4,2.4,NA,8.4,NA,5.5,NA,NA,NA,NA,NA,NA,9.6,NA,15.2,NA,8.5,NA,2.1,16.5,1.8,NA,NA,NA,2.0,NA,11.3,NA,NA,5.6,5.8,NA,7.6,9.8,4.5,NA,5.9,NA,5.9,NA,NA,NA,NA,2.5,1.6,NA,NA,NA,NA,10.9,NA,3.7,NA,NA,,6.7,7.4,NA,NA,NA,6.9,3.0,NA
Oct-06,6.4,1.9,NA,8.9,NA,4.9,NA,NA,NA,NA,NA,NA,8.7,NA,12.1,NA,9.6,NA,1.0,17.0,1.3,NA,NA,NA,1.7,NA,10.5,NA,NA,6.0,5.5,NA,8.0,9.1,4.3,NA,8.0,NA,6.1,NA,NA,NA,NA,2.8,1.5,NA,NA,NA,NA,9.5,NA,3.2,NA,NA,,6.9,8.2,NA,NA,NA,7.2,2.5,NA
Nov-06,6.4,2.2,NA,9.2,NA,3.7,NA,NA,NA,NA,NA,NA,10.0,NA,18.2,NA,9.4,NA,0.8,15.1,1.2,NA,NA,NA,1.2,NA,11.1,NA,NA,9.0,5.4,NA,8.1,9.0,3.7,NA,7.3,NA,5.1,NA,NA,NA,NA,2.2,1.2,NA,NA,NA,NA,10.6,NA,2.6,NA,NA,,6.4,8.4,NA,NA,NA,8.5,2.3,NA
Dec-06,5.9,1.6,NA,8.0,NA,3.1,NA,NA,NA,NA,NA,NA,8.7,NA,16.7,NA,8.8,NA,0.6,18.8,0.9,NA,NA,NA,1.0,NA,9.4,NA,NA,8.8,4.7,NA,10.1,7.0,2.9,NA,9.4,NA,3.6,NA,NA,NA,NA,1.7,0.7,NA,NA,NA,NA,9.2,NA,1.3,NA,NA,,5.3,8.4,NA,NA,NA,9.6,1.7,NA
Jan-07,7.6,4.1,NA,11.2,NA,4.3,NA,NA,NA,NA,NA,NA,11.5,NA,20.6,NA,11.0,NA,1.7,18.7,2.1,NA,NA,NA,2.2,NA,13.1,NA,NA,8.7,7.4,NA,10.2,10.2,5.1,NA,8.8,NA,6.5,NA,NA,NA,NA,4.1,1.8,NA,NA,NA,NA,13.7,NA,2.6,NA,NA,,7.0,9.8,NA,NA,NA,9.7,3.6,NA
Feb-07,8.2,3.2,NA,7.9,NA,3.0,NA,NA,NA,NA,NA,NA,13.8,NA,19.2,NA,12.3,NA,1.1,16.4,1.6,NA,NA,NA,2.3,NA,12.5,NA,NA,16.2,7.2,NA,15.7,10.2,2.4,NA,9.2,NA,5.5,NA,NA,NA,NA,3.2,1.8,NA,NA,NA,NA,18.0,NA,1.3,NA,NA,,6.3,11.9,NA,NA,NA,15.9,2.7,NA
Mar-07,7.6,3.1,NA,6.6,NA,3.7,NA,NA,NA,NA,NA,NA,13.2,NA,18.2,NA,11.2,NA,1.4,10.9,1.8,NA,NA,NA,2.3,NA,NA,NA,NA,12.6,6.1,NA,12.1,7.9,4.6,NA,5.2,NA,4.6,NA,NA,NA,NA,3.6,1.8,NA,NA,NA,NA,10.8,NA,2.3,NA,NA,,5.1,10.3,NA,NA,NA,12.3,3.1,NA
Apr-07,11.3,4.2,NA,7.0,NA,4.5,NA,NA,NA,NA,NA,NA,16.4,NA,20.5,NA,14.3,NA,1.4,10.6,2.1,NA,NA,NA,3.3,NA,NA,NA,NA,18.4,7.2,NA,15.1,8.9,2.2,NA,7.4,NA,5.0,NA,NA,NA,NA,4.7,2.5,NA,NA,NA,NA,13.9,NA,2.7,NA,NA,,8.3,13.1,NA,NA,NA,16.1,3.4,NA
May-07,10.7,3.7,NA,6.8,NA,4.0,NA,NA,NA,NA,NA,NA,15.0,NA,19.7,NA,14.1,NA,1.2,17.7,2.1,NA,NA,NA,2.3,NA,NA,NA,NA,18.6,6.9,NA,15.8,9.2,5.6,NA,7.7,NA,6.2,NA,NA,NA,NA,5.2,2.0,NA,NA,NA,NA,11.7,NA,2.4,NA,NA,,7.8,13.1,NA,NA,NA,16.7,3.5,NA
Jun-07,10.2,3.6,NA,7.4,NA,4.5,NA,NA,NA,NA,NA,NA,14.6,NA,17.6,NA,11.4,NA,1.2,14.3,1.4,NA,NA,NA,2.1,NA,11.6,NA,NA,8.5,6.5,NA,16.5,9.2,NA,NA,4.8,NA,5.6,NA,NA,NA,NA,4.3,2.0,NA,NA,NA,NA,12.7,NA,2.2,NA,NA,,8.0,10.4,NA,NA,NA,12.1,3.0,NA
Jul-07,10.0,3.4,NA,9.2,NA,4.4,NA,NA,NA,NA,NA,NA,14.0,NA,20.2,NA,13.6,NA,1.0,11.3,4.3,NA,NA,19.8,2.2,NA,12.6,NA,NA,19.8,11.4,15.3,18.5,11.0,NA,NA,5.8,4.6,5.8,5.4,8.8,NA,NA,4.5,2.0,NA,NA,NA,NA,15.4,NA,2.5,NA,NA,,8.0,14.2,NA,NA,NA,19.2,3.8,NA
Aug-07,10.6,4.1,NA,7.8,NA,5.4,NA,NA,NA,NA,NA,NA,16.3,NA,24.8,NA,14.1,NA,1.1,20.5,2.8,NA,NA,21.7,2.2,NA,11.2,NA,NA,18.6,12.5,22.9,18.8,10.8,6.5,NA,6.8,4.5,5.6,6.1,9.2,NA,NA,3.7,2.0,NA,NA,NA,NA,13.8,NA,2.2,NA,NA,,8.2,14.2,NA,NA,NA,18.7,4.6,NA
Sep-07,16.0,11.2,NA,13.2,NA,9.2,NA,NA,NA,NA,NA,NA,17.9,NA,25.0,NA,19.7,NA,7.5,17.4,11.1,NA,NA,29.3,19.6,NA,17.0,NA,NA,23.8,15.5,25.8,24.6,16.8,9.5,NA,6.7,6.7,8.7,9.5,14.3,NA,NA,26.1,13.0,NA,NA,NA,NA,18.3,NA,2.9,NA,NA,,11.7,19.9,NA,NA,NA,24.2,10.7,NA
Oct-07,15.2,10.9,NA,14.0,NA,8.8,NA,NA,NA,NA,NA,NA,16.6,NA,29.3,NA,19.2,NA,5.2,10.5,11.4,NA,NA,27.5,14.8,NA,17.0,NA,NA,21.8,14.7,31.9,22.6,16.3,7.2,NA,6.6,6.3,7.5,8.6,10.9,NA,NA,23.2,11.0,NA,NA,18.3,NA,17.6,NA,NA,NA,NA,,11.9,18.9,NA,NA,NA,22.2,9.6,NA
Nov-07,14.3,9.2,NA,8.4,NA,7.9,NA,NA,NA,NA,NA,NA,17.9,NA,25.0,NA,17.8,NA,4.5,11.1,14.4,NA,NA,25.2,13.9,NA,16.5,NA,NA,20.5,13.4,23.9,20.7,14.6,6.7,NA,7.4,5.5,6.6,8.9,11.8,NA,NA,24.5,9.7,NA,NA,26.1,NA,19.3,NA,NA,NA,NA,,11.4,17.6,NA,NA,NA,20.6,8.9,NA
Dec-07,13.4,10.0,NA,8.6,NA,6.6,NA,NA,NA,NA,NA,NA,12.1,NA,18.9,NA,16.3,NA,4.3,17.0,13.7,NA,NA,23.4,18.9,NA,13.4,NA,NA,16.7,12.2,21.8,22.3,13.4,6.1,NA,6.9,5.4,6.5,8.7,12.5,NA,NA,21.7,11.4,NA,NA,22.7,NA,17.7,NA,NA,NA,NA,,10.7,16.0,NA,NA,NA,18.9,9.0,NA
Jan-08,16.6,14.9,NA,11.3,NA,10.3,NA,NA,NA,NA,NA,NA,15.7,NA,24.8,NA,19.2,NA,6.6,24.8,17.0,NA,NA,26.3,18.3,NA,21.5,NA,NA,16.6,13.9,29.9,22.0,15.6,9.9,NA,8.9,10.6,8.3,14.0,14.5,NA,NA,21.6,13.2,NA,NA,24.8,NA,15.8,NA,NA,NA,NA,,14.7,17.8,13.5,13.9,NA,18.7,13.4,11.7
Feb-08,15.3,13.5,NA,12.4,NA,10.5,NA,NA,NA,NA,NA,NA,14.8,NA,26.2,NA,19.5,NA,6.9,53.5,22.0,NA,NA,24.3,19.7,NA,16.2,NA,NA,19.0,11.9,27.0,19.8,14.5,8.4,NA,8.3,8.4,7.5,12.5,14.6,NA,NA,19.2,12.3,NA,NA,18.9,NA,19.0,NA,NA,NA,NA,,14.1,18.1,12.2,13.0,NA,19.4,12.0,11.8
Mar-08,12.2,10.0,NA,13.2,NA,8.6,NA,NA,NA,NA,NA,NA,11.4,NA,34.6,NA,14.9,NA,7.6,14.5,24.4,NA,NA,23.4,15.0,NA,13.1,NA,NA,11.9,9.9,23.7,16.5,12.7,7.9,NA,6.2,6.8,7.1,10.1,15.3,NA,NA,13.3,8.8,NA,NA,17.5,NA,15.5,13.1,NA,NA,NA,,11.4,13.4,11.8,10.8,NA,13.6,9.6,9.1
Apr-08,9.8,8.7,NA,8.3,NA,7.2,NA,NA,NA,NA,NA,NA,9.1,NA,16.5,NA,12.0,NA,6.4,20.6,23.4,NA,NA,14.4,12.6,NA,10.4,NA,NA,9.4,7.5,16.1,14.0,8.9,6.6,NA,5.0,5.9,5.4,9.4,10.7,NA,NA,10.5,7.0,NA,NA,21.5,NA,12.0,21.0,6.1,NA,NA,,9.8,11.0,8.7,8.3,NA,11.0,8.2,7.2
May-08,8.7,6.9,NA,10.0,NA,6.3,NA,NA,NA,NA,NA,NA,8.1,NA,19.4,NA,9.9,NA,6.9,28.2,16.8,NA,NA,14.2,12.3,NA,9.5,NA,NA,8.2,6.1,15.1,10.3,11.4,6.3,NA,9.3,5.8,5.6,7.2,10.0,NA,NA,9.4,8.5,NA,NA,13.7,NA,9.5,18.1,10.6,NA,NA,,9.3,9.5,8.3,7.1,NA,9.0,7.3,6.1
Jun-08,7.6,6.6,NA,8.2,NA,5.9,NA,NA,NA,NA,NA,NA,6.9,NA,19.4,NA,9.3,NA,6.3,22.8,20.4,NA,NA,10.7,11.3,NA,8.7,NA,NA,7.0,5.7,12.3,10.5,NA,6.0,NA,9.8,5.4,5.6,6.7,8.3,NA,NA,10.2,8.0,NA,NA,15.2,NA,8.3,13.0,8.2,NA,NA,,6.4,8.8,6.9,6.3,NA,8.3,7.0,5.7
Jul-08,6.9,6.2,NA,8.7,NA,5.2,NA,NA,NA,NA,NA,NA,7.2,NA,13.3,NA,7.6,NA,6.0,27.6,17.2,NA,NA,10.6,9.8,NA,7.8,NA,NA,6.3,5.1,7.6,8.4,5.0,5.7,NA,9.4,4.4,6.3,6.8,8.3,11.4,NA,8.5,7.8,NA,NA,17.5,NA,7.2,19.9,6.3,NA,NA,,6.6,7.3,7.0,6.1,NA,7.2,6.5,4.8
Aug-08,7.0,5.8,NA,8.6,NA,4.9,NA,NA,NA,NA,NA,NA,6.2,NA,18.7,NA,7.8,NA,6.9,23.8,14.1,NA,NA,8.4,10.4,NA,7.8,NA,NA,6.0,5.0,7.1,9.0,6.2,6.1,NA,6.8,4.8,5.5,6.7,8.2,10.4,NA,8.6,7.8,NA,NA,12.9,NA,8.8,12.6,6.3,NA,NA,,6.5,7.4,6.2,6.0,NA,7.1,6.6,5.0
Sep-08,6.5,6.4,NA,10.8,NA,5.6,NA,NA,NA,NA,NA,NA,5.3,NA,16.7,NA,7.3,NA,7.0,22.8,16.9,NA,NA,8.3,10.9,NA,7.6,NA,NA,5.4,4.6,6.1,7.7,4.1,6.5,NA,8.5,6.5,4.8,6.4,8.4,10.1,NA,7.4,7.1,NA,NA,16.1,NA,9.0,18.5,6.2,NA,NA,,6.0,6.7,6.0,4.9,NA,6.3,6.7,4.3
Oct-08,6.1,5.8,NA,8.6,NA,5.4,NA,NA,NA,NA,NA,NA,5.7,NA,12.3,NA,6.3,NA,8.0,18.5,18.0,NA,NA,7.3,9.5,NA,6.9,NA,NA,4.9,4.5,7.0,7.4,4.7,6.6,NA,7.8,5.4,6.0,6.9,8.3,9.3,NA,6.5,5.5,NA,NA,14.6,NA,8.4,13.1,5.4,NA,NA,,5.9,6.0,6.3,5.4,NA,5.8,6.3,4.2
Nov-08,7.1,7.1,NA,9.6,NA,6.9,NA,NA,NA,NA,NA,NA,7.3,NA,18.7,NA,7.4,NA,9.4,28.8,24.1,NA,NA,9.2,12.6,NA,8.5,NA,NA,5.6,4.9,7.6,8.5,6.1,7.0,NA,12.1,6.0,8.7,8.3,10.9,10.9,NA,7.8,7.1,NA,NA,8.6,NA,11.3,15.0,6.1,NA,NA,,7.6,7.0,8.6,5.8,NA,6.7,7.6,4.9
Dec-08,5.6,7.0,NA,8.2,NA,5.7,NA,NA,NA,NA,NA,NA,5.4,NA,10.3,NA,5.6,NA,7.7,26.0,14.5,NA,NA,6.2,7.6,NA,7.0,NA,NA,4.3,4.3,4.8,7.5,4.1,5.8,NA,8.9,4.8,5.5,6.6,8.1,10.4,NA,5.8,5.8,NA,NA,13.4,NA,6.9,12.5,4.7,NA,NA,,6.0,5.5,5.9,5.1,NA,5.5,6.2,3.8
Jan-09,7.3,7.3,NA,12.7,NA,8.0,NA,NA,NA,NA,NA,NA,5.5,NA,13.4,NA,7.1,NA,11.7,113.0,19.3,NA,NA,8.2,13.4,NA,11.1,NA,NA,5.5,4.9,6.0,6.7,8.1,10.0,NA,12.4,9.3,9.1,8.3,11.9,14.9,NA,7.7,6.7,NA,NA,16.7,NA,7.5,21.4,6.2,NA,NA,,8.8,6.6,8.5,5.9,NA,6.0,8.1,5.2
Feb-09,7.1,7.8,NA,11.5,NA,10.2,NA,NA,NA,NA,NA,NA,4.5,NA,14.1,NA,7.1,NA,14.3,20.0,15.1,NA,NA,7.9,12.1,NA,10.3,NA,NA,5.5,4.6,5.4,7.2,8.0,7.9,NA,11.1,7.8,11.5,8.7,10.7,12.3,NA,5.7,7.4,NA,NA,10.4,NA,8.0,14.7,4.4,NA,NA,,9.1,6.6,8.0,5.4,NA,6.2,8.2,5.9
Mar-09,5.6,5.7,10.2,9.9,NA,9.0,NA,NA,NA,NA,NA,NA,4.3,NA,NA,NA,5.5,NA,11.9,10.2,14.0,NA,NA,5.5,8.3,NA,8.3,NA,NA,3.9,4.6,3.9,5.4,6.2,6.9,NA,9.3,6.7,10.0,7.0,9.0,10.7,NA,4.7,6.2,NA,NA,7.7,NA,4.9,10.9,4.5,NA,NA,,6.7,5.0,6.2,5.0,NA,4.5,6.4,4.5
Apr-09,5.0,5.2,19.6,8.0,NA,7.4,NA,NA,NA,NA,NA,NA,3.0,NA,10.0,NA,4.8,NA,11.0,7.5,13.7,NA,NA,5.5,9.5,NA,8.7,NA,NA,3.5,4.2,5.2,4.6,5.6,5.8,NA,9.8,5.8,8.7,5.2,7.3,11.1,NA,4.0,5.3,NA,NA,14.1,NA,4.7,14.2,4.7,NA,NA,,6.3,4.4,6.2,4.4,NA,4.0,5.6,4.0
May-09,4.6,4.3,16.7,4.1,NA,5.8,NA,NA,NA,NA,NA,NA,3.4,NA,10.8,NA,4.4,NA,8.0,13.9,10.0,NA,NA,4.8,8.4,NA,7.6,NA,NA,3.3,3.9,3.4,4.1,5.6,5.5,NA,7.8,5.0,8.4,4.5,6.5,9.6,NA,3.3,5.6,NA,NA,12.1,NA,4.9,12.0,4.0,NA,NA,,5.6,4.1,5.3,4.2,NA,3.7,4.9,3.6
Jun-09,4.2,3.6,13.8,5.8,NA,4.6,NA,NA,NA,NA,NA,NA,3.3,NA,9.0,NA,3.9,NA,6.3,8.6,9.4,NA,NA,3.9,8.0,NA,7.1,NA,NA,3.0,3.9,5.6,3.5,5.1,5.0,NA,7.1,3.8,6.0,3.3,4.9,8.7,NA,3.2,5.5,NA,NA,8.0,NA,4.3,14.5,3.9,NA,NA,,4.9,3.6,4.3,4.2,NA,3.3,4.1,3.2
Jul-09,4.0,3.2,12.4,6.7,NA,3.8,NA,NA,NA,NA,NA,NA,3.1,NA,10.4,NA,3.6,NA,7.0,19.3,11.4,NA,NA,4.2,7.2,NA,6.8,NA,NA,2.9,3.8,4.6,3.5,5.0,4.2,NA,7.2,3.9,5.8,3.0,5.1,8.1,NA,3.1,5.3,NA,NA,12.9,NA,4.4,13.9,3.7,NA,NA,,4.6,3.4,4.4,4.1,NA,3.2,3.9,3.1
Aug-09,4.6,3.4,13.5,9.3,NA,4.8,NA,NA,NA,NA,NA,NA,3.4,NA,8.9,NA,4.1,NA,6.9,9.5,15.2,NA,NA,4.1,7.4,NA,7.4,NA,NA,3.2,4.0,5.4,3.5,5.6,5.8,NA,8.3,4.1,7.9,3.6,5.7,8.5,NA,3.7,0.2,NA,NA,10.3,NA,4.5,16.0,4.0,NA,NA,,5.0,3.7,4.8,3.9,NA,3.3,3.9,3.4
Sep-09,4.5,3.1,15.0,9.1,NA,4.7,NA,NA,NA,NA,NA,NA,3.0,NA,10.3,NA,3.9,NA,8.2,8.0,10.4,NA,NA,4.5,8.2,NA,7.2,NA,NA,3.3,4.2,3.5,3.6,5.2,6.0,NA,7.6,4.1,5.9,3.0,5.6,8.1,NA,3.3,5.6,NA,NA,8.8,NA,4.7,10.3,4.2,NA,NA,,4.7,3.8,4.8,4.4,NA,3.5,4.1,3.3
Oct-09,4.2,3.2,9.7,6.2,NA,4.4,NA,NA,NA,NA,NA,NA,2.8,NA,13.2,NA,3.7,NA,6.3,14.1,9.3,NA,NA,3.5,7.4,NA,7.1,NA,NA,3.1,4.0,4.5,3.5,5.0,4.4,NA,6.2,3.6,6.1,3.0,4.5,6.7,NA,3.9,5.1,NA,NA,8.2,NA,4.4,9.5,4.2,NA,NA,,4.4,3.6,3.9,4.0,NA,3.3,3.9,3.2
Nov-09,4.5,3.4,9.1,7.5,NA,4.3,NA,NA,NA,NA,NA,NA,3.2,NA,11.4,NA,4.2,NA,5.3,14.6,10.9,NA,NA,4.9,8.0,NA,5.8,NA,NA,3.4,4.3,3.1,4.1,5.7,4.4,NA,6.8,3.7,6.7,3.0,4.6,7.9,NA,3.9,5.4,NA,NA,9.7,NA,5.6,11.6,3.3,NA,NA,,5.0,3.9,4.7,4.6,NA,3.7,4.0,3.6
Dec-09,3.8,2.7,9.8,5.5,NA,3.4,NA,NA,NA,NA,NA,NA,2.8,NA,7.7,NA,3.5,NA,3.8,6.5,9.0,NA,NA,3.7,5.8,NA,5.4,NA,NA,3.1,4.0,3.6,3.6,4.5,3.6,NA,6.3,2.8,4.5,2.5,3.9,6.6,NA,3.9,4.3,NA,NA,7.7,NA,4.3,7.0,3.0,NA,NA,,4.2,3.4,3.7,4.0,NA,3.3,3.2,3.1
Jan-10,5.7,4.8,18.6,8.9,NA,5.9,NA,NA,NA,NA,9.8,NA,4.2,NA,NA,NA,5.5,NA,7.7,11.7,9.9,NA,NA,5.8,9.2,NA,8.2,NA,NA,4.3,5.6,4.8,5.0,7.8,6.2,NA,8.7,4.9,8.3,4.7,6.9,11.0,NA,5.4,7.3,NA,NA,15.6,NA,7.0,24.2,5.5,NA,NA,,6.1,5.1,5.9,5.9,NA,4.6,5.6,4.7
Feb-10,6.0,5.1,15.6,8.9,NA,6.8,NA,NA,NA,NA,10.7,NA,4.7,NA,9.3,NA,5.8,NA,7.9,14.0,15.4,NA,NA,6.3,10.5,NA,8.5,NA,NA,4.6,5.9,5.2,5.3,7.7,7.7,NA,10.1,5.5,8.9,5.0,7.7,10.7,NA,6.3,6.7,NA,NA,9.1,NA,6.2,16.7,5.0,NA,NA,,6.6,5.4,6.5,6.1,NA,4.9,6.0,4.9
Mar-10,4.8,4.0,9.3,7.2,NA,5.4,NA,NA,NA,NA,7.3,NA,3.6,8.3,6.9,NA,4.6,NA,7.3,7.1,11.0,NA,NA,4.7,7.4,NA,6.5,NA,NA,3.9,4.6,5.1,4.4,6.0,5.4,NA,7.1,4.9,6.8,3.8,6.0,7.5,NA,4.9,6.2,NA,NA,8.0,NA,5.7,11.7,3.8,NA,NA,,5.2,4.4,4.9,4.9,NA,4.1,4.8,4.0
Apr-10,4.9,4.8,15.2,7.0,NA,4.8,NA,NA,NA,NA,9.1,NA,3.9,6.6,7.1,NA,4.6,NA,6.1,10.9,9.3,NA,NA,5.2,9.8,NA,6.8,NA,NA,3.9,5.2,4.0,4.6,6.5,6.0,NA,8.0,4.9,6.9,3.9,7.6,9.0,NA,5.2,6.5,NA,NA,11.6,NA,5.6,9.7,3.6,NA,NA,,5.8,4.4,5.3,5.3,NA,4.2,5.1,4.1
May-10,4.5,3.6,11.4,6.2,NA,4.2,NA,NA,NA,NA,8.9,NA,3.1,5.1,7.8,NA,4.3,7.5,6.5,16.4,12.5,3.2,NA,5.2,8.6,NA,5.8,NA,NA,3.8,4.8,3.6,4.6,5.6,5.2,NA,7.7,4.3,6.8,3.1,5.7,8.3,NA,4.4,5.8,NA,NA,11.1,NA,5.0,10.7,3.9,NA,NA,,4.8,4.2,5.2,4.8,NA,4.2,4.3,3.7
Jun-10,4.6,3.7,12.6,6.0,NA,4.5,NA,NA,NA,NA,8.3,NA,3.4,4.7,6.3,NA,4.6,6.5,5.7,9.6,13.1,3.1,NA,5.1,7.8,NA,6.1,NA,NA,3.8,4.5,3.9,4.3,6.1,5.3,NA,7.6,4.1,6.9,3.7,6.5,8.2,NA,3.7,5.7,NA,NA,7.3,NA,5.7,10.7,4.4,NA,NA,,5.2,4.4,5.1,4.6,NA,4.0,4.4,3.8
Jul-10,5.6,4.5,11.8,8.1,NA,5.0,NA,NA,NA,NA,13.7,NA,4.0,6.2,8.5,NA,5.7,7.7,7.0,27.0,16.4,3.5,NA,6.5,9.0,NA,6.1,NA,NA,4.6,6.1,4.8,5.1,7.1,6.1,NA,8.3,4.9,7.0,4.1,7.1,9.0,NA,5.7,7.3,NA,NA,12.8,NA,7.2,12.9,5.3,NA,NA,,6.2,5.3,5.8,5.9,NA,4.9,5.3,4.6
Aug-10,5.8,5.6,13.0,7.1,NA,5.5,NA,9.6,NA,NA,9.3,NA,4.7,7.6,11.7,NA,5.8,9.7,8.8,10.7,16.1,3.8,NA,5.8,8.6,NA,7.9,NA,NA,4.6,5.6,8.9,5.6,7.1,6.1,NA,8.9,4.8,9.4,4.7,6.5,10.2,NA,5.7,6.6,NA,NA,12.0,NA,7.2,13.4,6.3,NA,NA,,6.3,5.6,6.1,6.0,NA,5.1,5.6,4.8
Sep-10,5.9,5.3,12.4,7.1,NA,5.4,NA,7.1,NA,NA,9.8,NA,4.8,5.7,7.9,NA,6.0,7.9,8.0,22.5,14.1,3.3,NA,6.1,9.0,NA,7.4,NA,NA,5.2,5.6,5.1,5.8,7.3,7.5,NA,8.6,6.1,8.2,4.8,6.7,8.2,NA,6.4,6.6,NA,NA,11.8,NA,7.3,18.1,5.4,NA,NA,,6.8,5.8,6.0,5.7,NA,5.5,5.9,5.0
Oct-10,6.2,5.9,8.6,6.2,NA,6.6,NA,9.2,NA,NA,9.2,NA,5.4,5.8,10.4,NA,6.4,7.6,7.8,10.4,13.3,3.7,NA,5.8,11.8,NA,7.7,NA,NA,5.2,6.1,8.4,5.8,7.7,6.6,NA,8.0,4.6,8.9,4.7,8.2,8.5,NA,6.7,7.7,NA,NA,9.8,NA,6.9,10.1,7.8,NA,NA,,7.1,6.1,6.1,6.1,NA,5.5,6.1,5.2
Nov-10,6.2,5.1,7.5,9.3,NA,6.7,NA,10.7,NA,NA,11.1,NA,5.4,6.4,9.7,NA,6.7,7.5,6.4,14.4,9.1,3.7,NA,6.6,8.8,NA,7.5,NA,NA,5.3,6.2,5.6,5.9,7.9,6.5,NA,8.9,4.4,7.1,4.0,6.4,8.5,NA,6.1,6.9,NA,NA,8.3,NA,6.9,12.1,5.2,NA,NA,,7.3,6.4,6.0,6.2,NA,5.6,5.4,6.4
Dec-10,5.0,3.5,8.3,7.0,NA,4.0,NA,8.8,NA,NA,7.3,NA,4.7,7.0,9.8,NA,5.3,6.0,4.7,11.2,7.8,3.6,NA,4.9,7.8,NA,6.1,NA,NA,4.3,5.1,4.3,5.2,5.9,4.2,NA,7.0,3.2,6.0,3.1,5.5,6.5,NA,5.2,5.4,NA,NA,7.6,NA,5.3,7.4,5.7,NA,NA,,5.5,5.2,4.9,5.2,NA,4.7,4.0,5.1
Jan-11,6.8,6.1,7.1,9.3,NA,7.1,NA,8.5,NA,NA,7.5,NA,5.5,5.8,8.0,NA,6.6,8.3,6.4,15.3,9.0,6.2,NA,6.6,8.3,NA,8.5,NA,NA,6.5,6.3,6.0,6.3,9.4,6.1,NA,7.3,5.7,10.7,4.8,8.0,8.9,NA,7.1,7.9,NA,NA,13.8,NA,7.3,7.4,6.7,NA,NA,,7.8,6.8,6.5,6.6,NA,6.4,6.2,7.2
Feb-11,7.5,6.9,10.0,9.8,NA,6.5,NA,11.3,NA,NA,13.8,NA,6.1,6.5,8.4,NA,7.8,7.8,8.4,7.7,11.0,5.3,NA,5.8,9.9,NA,9.6,NA,NA,6.4,6.6,6.0,6.2,8.9,8.5,NA,8.4,6.1,9.5,5.1,8.1,10.5,20.2,7.8,8.1,NA,NA,12.6,NA,6.7,11.0,7.2,NA,NA,,7.8,7.5,6.4,6.9,NA,6.3,6.8,7.7
Mar-11,5.4,4.1,9.6,7.0,NA,4.9,NA,7.4,NA,NA,9.3,NA,4.4,5.3,7.7,NA,5.5,7.1,5.1,13.5,8.4,4.1,NA,4.8,6.4,NA,7.0,NA,NA,5.0,4.5,5.2,5.0,6.8,5.1,NA,6.3,4.3,6.2,3.6,5.0,6.9,10.5,4.5,5.0,NA,NA,8.6,NA,4.6,11.0,7.0,NA,NA,,5.7,5.7,4.7,4.9,NA,5.0,4.4,5.7
Apr-11,5.6,4.5,10.3,6.6,NA,4.9,NA,9.4,4.1,NA,9.0,NA,4.2,4.6,6.7,NA,5.8,6.6,7.2,13.0,9.8,4.4,NA,5.4,6.6,NA,7.5,NA,NA,5.0,5.3,4.4,5.0,6.6,5.1,NA,6.3,4.7,7.7,3.4,6.2,6.6,11.7,5.2,6.2,NA,NA,6.2,NA,5.7,9.5,5.9,NA,NA,,5.9,5.8,5.3,4.5,NA,5.0,4.7,5.9
May-11,5.7,4.8,8.0,8.2,NA,4.9,NA,11.5,4.7,NA,12.2,NA,3.9,5.2,7.7,NA,6.0,4.9,6.5,7.3,12.6,4.1,NA,5.4,7.3,NA,7.1,NA,NA,4.9,4.7,3.8,5.5,6.8,5.2,NA,6.8,3.9,7.0,3.8,6.6,6.1,16.8,5.5,7.4,NA,NA,7.9,NA,4.6,10.7,7.5,NA,NA,,6.0,6.0,5.2,4.4,NA,5.2,5.0,6.0
Jun-11,5.1,4.0,8.2,6.7,NA,4.3,NA,9.3,3.9,NA,8.0,NA,4.2,4.7,7.5,NA,5.4,4.7,5.1,6.1,10.5,4.2,NA,5.3,7.8,NA,6.6,NA,NA,4.3,4.6,5.9,4.9,6.4,4.8,NA,6.2,3.5,6.9,3.2,5.4,5.5,13.8,4.5,5.9,NA,NA,7.4,NA,5.0,8.9,6.6,2.2,NA,,5.2,5.4,4.9,4.1,NA,4.6,4.2,5.4
Jul-11,5.6,4.4,7.0,6.7,NA,4.6,NA,NA,4.4,NA,10.2,NA,4.5,5.4,8.8,NA,5.8,4.9,6.3,8.0,9.6,5.3,NA,5.6,9.3,NA,7.5,NA,NA,4.8,4.7,4.8,5.0,6.7,5.0,NA,5.8,4.0,6.9,3.9,7.3,6.2,18.3,5.0,6.5,NA,NA,7.3,NA,5.4,12.4,6.8,NA,NA,,6.1,5.8,5.2,4.3,NA,4.9,4.8,5.9
Aug-11,5.2,4.3,7.2,6.0,NA,4.1,NA,NA,3.9,NA,8.2,NA,3.4,4.2,5.8,NA,5.5,4.4,5.7,4.7,8.2,4.7,NA,5.6,7.2,NA,6.6,NA,NA,4.4,4.5,5.9,4.6,6.4,5.6,NA,5.5,3.8,5.8,3.5,5.4,5.6,14.2,5.1,5.7,NA,NA,9.3,NA,4.7,8.1,6.5,3.1,NA,,5.3,5.4,4.7,4.0,NA,4.5,4.5,5.5
Sep-11,5.3,4.6,9.4,5.0,NA,4.6,NA,NA,3.8,NA,8.1,NA,3.9,4.6,6.6,NA,5.5,3.2,6.1,6.3,12.2,4.5,NA,5.7,7.9,NA,6.4,NA,NA,4.8,4.5,4.7,4.8,6.4,6.3,NA,5.9,4.0,6.1,3.9,6.1,5.4,16.1,5.0,6.6,NA,NA,5.4,NA,4.6,6.6,6.2,4.0,NA,,6.2,5.5,4.9,4.0,NA,4.8,4.9,5.6
Oct-11,5.5,4.9,7.9,5.4,NA,4.7,NA,NA,4.2,NA,7.9,NA,4.2,5.7,8.0,NA,5.7,4.3,6.4,6.6,10.8,3.9,NA,6.1,7.7,NA,6.9,NA,NA,5.1,4.4,4.9,4.9,7.0,6.1,NA,6.0,4.7,7.1,3.9,5.4,5.7,15.2,5.0,5.8,NA,NA,8.3,NA,4.5,6.8,6.9,4.2,NA,,6.0,5.8,5.1,4.1,NA,5.0,5.0,5.9
Nov-11,5.3,3.5,9.4,5.2,NA,4.8,NA,NA,4.1,NA,7.6,NA,3.8,5.0,8.0,NA,5.6,5.5,5.0,5.6,7.5,3.8,NA,4.6,8.1,NA,7.0,NA,NA,5.3,4.4,4.2,4.7,6.4,4.7,NA,5.7,3.7,7.0,3.4,5.3,5.3,11.5,5.1,5.5,NA,NA,7.0,NA,4.1,8.1,7.5,3.0,NA,,5.9,5.7,4.5,4.0,NA,5.1,4.3,5.7
Dec-11,4.3,2.9,5.6,4.5,NA,2.8,NA,NA,4.1,NA,5.5,NA,3.6,3.7,6.4,NA,4.7,3.8,4.7,6.6,6.1,3.8,NA,4.2,5.8,NA,5.8,NA,NA,4.5,3.7,3.0,4.2,5.0,2.9,NA,4.2,2.9,3.3,2.6,3.8,4.6,8.3,3.9,4.7,NA,NA,5.7,NA,3.8,5.9,5.7,2.3,NA,,4.7,4.8,3.5,3.6,NA,4.4,3.3,4.7
Jan-12,5.8,4.3,7.7,5.9,NA,5.2,NA,6.7,5.8,NA,6.9,NA,3.7,4.3,6.8,NA,6.1,5.6,5.2,5.3,7.8,5.3,NA,5.7,6.3,NA,8.0,5.7,NA,6.0,5.2,3.4,5.2,7.1,6.0,4.6,7.0,4.5,6.4,3.8,6.3,5.0,11.4,3.8,4.9,5.2,NA,7.3,NA,4.9,8.4,7.9,5.9,NA,,6.2,6.3,5.2,5.2,NA,5.7,3.5,6.1
Feb-12,5.4,5.0,5.4,4.5,NA,5.0,NA,5.5,5.3,NA,6.6,NA,4.2,3.8,5.7,NA,5.7,3.8,4.0,5.5,9.6,4.3,NA,5.4,6.4,NA,7.1,4.4,NA,5.5,4.8,3.7,5.1,6.3,4.8,4.6,5.9,4.0,6.7,3.5,5.4,4.6,12.6,3.7,4.5,4.5,NA,6.5,NA,4.9,5.5,8.2,5.6,NA,,5.5,5.9,4.8,4.8,NA,5.3,3.3,5.7
Mar-12,4.2,3.3,5.8,4.1,NA,3.4,NA,4.9,4.5,NA,6.9,NA,3.4,3.6,5.5,NA,4.3,3.7,4.6,3.2,7.6,3.7,NA,4.0,5.9,NA,4.9,3.8,NA,3.8,3.9,3.4,4.1,5.1,3.9,3.5,4.7,2.4,4.6,2.5,4.0,4.5,19.9,4.0,4.9,3.9,NA,5.5,NA,4.0,5.9,5.8,4.6,NA,,4.1,4.3,3.6,3.9,NA,3.9,2.7,4.3
Apr-12,4.2,2.8,6.4,3.9,NA,2.8,NA,3.4,4.3,NA,7.1,NA,3.3,3.2,6.2,NA,4.4,3.5,4.1,5.3,6.9,3.0,NA,4.1,6.5,NA,4.8,4.2,NA,4.5,4.0,2.4,4.3,4.8,4.0,4.1,4.7,2.5,4.9,2.3,4.5,4.8,12.6,4.4,4.6,3.5,NA,6.4,NA,3.9,9.0,5.1,4.9,NA,,4.0,4.5,3.7,4.0,NA,4.4,2.7,4.4
May-12,3.6,2.5,6.5,4.3,NA,2.5,NA,4.8,4.1,NA,6.7,NA,1.6,3.3,4.3,NA,3.6,3.8,4.4,10.0,7.8,2.7,NA,3.4,5.2,NA,4.3,3.5,NA,3.1,3.3,2.1,3.6,4.2,3.7,3.7,3.6,2.3,3.6,2.0,3.3,4.6,10.3,3.6,4.3,3.5,NA,5.1,NA,3.6,6.4,4.4,3.7,NA,,3.6,3.6,2.9,3.6,NA,3.3,2.3,3.7
Jun-12,3.5,2.1,5.1,4.4,NA,2.2,NA,4.5,4.1,NA,6.1,NA,2.9,2.9,5.2,NA,3.4,3.1,4.3,3.8,8.9,2.5,NA,4.1,5.4,NA,4.2,3.7,NA,3.0,3.4,2.9,3.4,4.2,3.1,3.6,4.0,2.1,4.0,2.1,4.4,4.1,13.5,3.7,3.9,3.0,NA,5.9,NA,2.9,5.8,4.3,3.2,NA,,3.5,3.5,3.6,3.5,NA,3.1,2.2,3.5
Jul-12,3.5,2.1,6.6,3.8,NA,2.1,NA,4.3,4.2,NA,6.6,NA,3.3,3.1,4.8,NA,3.4,3.5,3.9,5.0,6.6,3.6,NA,4.4,6.2,NA,4.0,2.8,NA,3.1,2.4,3.5,3.8,4.2,3.5,2.7,3.9,2.2,3.6,2.1,4.6,4.4,10.7,3.6,3.9,2.4,NA,7.1,NA,3.9,6.0,5.0,2.8,NA,,3.5,3.6,3.5,3.1,NA,3.4,2.3,3.6
Aug-12,3.2,2.2,4.7,3.7,NA,2.2,NA,3.6,4.0,NA,6.8,NA,3.2,2.8,6.6,NA,3.0,3.0,3.6,5.8,8.1,2.8,NA,4.0,5.2,NA,3.6,2.5,NA,3.2,2.2,3.4,3.4,3.7,3.2,2.3,4.5,2.3,4.2,2.1,3.4,4.3,8.6,3.1,3.7,2.3,NA,5.4,NA,3.0,6.2,4.0,2.5,NA,,3.1,3.3,3.5,2.8,NA,3.3,2.1,3.2
Sep-12,3.7,2.6,5.6,4.6,NA,2.4,NA,3.8,4.7,3.8,6.3,NA,3.9,4.1,6.7,NA,3.7,3.5,4.7,6.2,7.6,3.4,NA,4.2,5.7,NA,4.1,2.8,NA,3.6,2.4,3.0,4.1,4.3,4.3,2.9,5.1,3.0,5.1,2.3,3.1,4.7,13.2,3.7,4.3,2.6,NA,6.9,NA,4.0,6.7,4.3,2.7,NA,,3.6,3.8,3.8,3.2,NA,3.8,2.6,3.7
Oct-12,3.1,2.0,5.5,3.6,NA,2.4,NA,3.5,3.7,3.2,5.7,NA,3.0,2.5,5.6,NA,3.0,4.8,3.5,4.8,6.3,2.8,NA,3.8,4.1,NA,3.2,2.7,NA,3.4,1.9,2.7,3.5,3.7,2.9,2.1,3.9,2.0,4.8,1.9,3.3,4.0,10.9,3.4,3.3,2.2,NA,4.5,NA,NA,4.5,4.6,2.5,NA,,3.1,3.3,3.4,2.6,NA,3.5,2.0,3.1
Nov-12,3.0,1.6,5.3,3.9,NA,1.9,NA,3.3,4.2,5.4,5.5,NA,3.2,2.9,5.4,NA,2.9,3.2,3.5,5.9,7.1,3.4,NA,3.4,4.1,NA,3.3,2.3,NA,3.5,2.0,2.8,3.6,3.8,2.3,2.7,3.9,1.9,4.1,1.6,2.8,4.1,6.9,3.3,3.4,2.0,NA,5.4,NA,1.3,4.8,3.5,2.4,NA,,3.0,3.2,3.1,2.7,NA,3.5,1.8,3.1
Dec-12,2.6,1.3,5.3,3.5,NA,1.4,NA,3.2,3.8,5.3,4.7,NA,2.7,2.9,4.5,NA,2.4,2.0,2.2,3.4,5.3,2.6,NA,3.2,4.4,NA,2.7,1.9,NA,3.1,1.6,1.6,3.3,3.0,2.2,1.9,3.0,1.5,3.1,1.2,2.7,3.8,8.4,2.6,3.0,2.0,NA,NA,NA,2.8,5.6,3.1,2.2,NA,,2.2,2.8,2.6,2.3,NA,3.2,1.4,2.6
Jan-13,3.5,2.2,5.4,4.4,NA,2.8,NA,4.5,4.3,6.7,4.7,NA,3.2,3.5,5.4,NA,3.0,2.6,4.7,3.8,10.1,3.4,NA,3.8,5.1,NA,3.5,2.8,NA,3.9,2.4,2.3,3.6,4.1,4.4,2.8,5.1,2.5,4.6,2.2,3.9,4.4,9.9,3.4,4.3,2.3,NA,11.5,NA,3.4,5.8,4.7,2.9,NA,,3.3,3.5,3.8,3.2,NA,3.8,2.5,3.3
Feb-13,3.6,2.6,6.2,4.3,NA,2.6,NA,4.1,3.9,2.8,5.7,NA,3.0,3.3,9.4,NA,3.3,5.2,4.1,5.3,6.8,2.5,NA,3.8,5.4,NA,3.9,2.8,NA,3.9,2.3,2.1,4.1,4.3,4.0,2.6,5.0,2.9,3.7,2.4,3.6,2.7,15.1,3.3,4.3,2.5,NA,4.9,NA,4.0,6.7,5.2,3.5,NA,,3.2,3.8,3.8,3.0,NA,4.0,2.5,3.5
Mar-13,2.9,2.1,5.0,3.3,NA,2.2,NA,3.5,3.8,5.2,4.8,NA,2.7,2.7,5.7,NA,2.7,3.5,3.1,3.6,8.6,2.6,NA,2.9,4.7,NA,2.8,2.4,NA,3.0,2.2,2.1,3.3,3.3,4.0,2.2,3.6,2.4,4.2,2.1,3.0,2.5,9.0,2.9,3.4,2.0,NA,5.1,NA,3.2,4.9,3.6,2.3,NA,,2.5,2.9,2.9,2.7,NA,3.1,2.2,2.8
Apr-13,2.8,2.2,4.8,3.4,NA,2.2,NA,3.4,3.7,6.9,4.6,NA,1.9,3.5,5.9,NA,2.6,3.3,3.2,21.0,11.5,2.2,NA,3.0,4.2,NA,2.8,2.3,NA,2.9,2.1,2.2,3.3,3.1,2.9,2.0,4.1,2.3,3.7,1.8,3.9,2.9,12.9,2.6,3.1,2.1,NA,4.5,NA,3.1,5.7,3.5,2.1,NA,,2.6,2.8,3.1,2.6,NA,3.1,2.0,2.7
May-13,2.6,2.1,NA,2.9,NA,2.2,NA,3.3,3.6,5.4,5.0,NA,1.8,2.5,5.0,NA,2.5,3.6,2.8,3.3,6.7,2.1,NA,3.6,4.0,NA,2.7,2.3,NA,2.8,2.0,2.0,2.9,2.8,2.9,2.2,3.5,2.0,3.4,1.8,2.7,2.7,9.1,1.8,2.8,2.4,NA,6.4,NA,2.7,4.7,3.2,2.3,NA,,2.4,2.7,2.9,2.6,NA,2.9,1.9,2.6
Jun-13,2.9,1.9,4.1,4.2,NA,2.1,NA,4.0,3.4,4.3,5.6,NA,2.0,3.1,5.8,NA,2.8,2.6,2.9,4.2,8.5,2.4,NA,3.9,5.3,NA,3.0,2.4,NA,2.9,2.4,2.2,3.1,3.2,2.4,2.6,3.9,2.0,4.5,2.0,3.3,3.4,11.8,2.7,3.1,2.3,NA,5.0,NA,3.2,5.7,3.6,2.1,NA,,2.7,3.0,3.4,2.8,NA,3.1,2.0,2.9
Jul-13,2.9,1.9,4.6,3.2,4.7,1.9,9.1,4.2,3.5,5.1,5.1,NA,2.2,3.5,5.8,NA,2.9,2.2,2.8,7.3,6.9,2.5,NA,3.6,3.9,NA,3.0,2.5,NA,3.1,2.5,2.4,3.1,3.3,2.5,2.5,3.8,1.9,3.7,2.1,3.1,4.4,10.1,2.8,3.0,2.4,2.9,5.3,NA,3.5,5.9,3.5,2.3,3.1,,2.6,3.0,3.1,2.9,NA,3.2,2.0,2.9
Aug-13,3.0,2.1,3.9,4.2,5.2,1.9,13.1,4.1,3.7,4.7,5.3,NA,2.4,2.9,4.9,NA,2.9,2.4,3.0,4.0,5.6,2.9,NA,4.0,2.0,NA,3.3,3.1,10.9,3.2,2.7,2.8,3.0,3.4,2.8,2.8,4.4,2.1,3.5,2.1,3.2,4.0,9.1,2.7,2.9,2.4,2.4,6.3,NA,4.1,6.3,3.2,2.7,2.7,,2.6,3.1,3.3,3.1,NA,3.2,2.0,3.0
Sep-13,3.6,2.6,4.4,5.5,6.0,2.1,8.8,4.9,4.4,4.5,5.1,NA,2.9,3.0,5.7,NA,3.4,5.0,3.8,4.6,10.8,3.2,NA,4.0,5.0,6.5,3.8,3.2,NA,3.8,3.0,3.4,3.8,4.2,3.4,2.8,5.4,2.6,3.9,2.1,3.8,5.5,8.9,3.1,3.6,2.7,2.5,7.6,NA,4.2,6.5,3.7,3.6,2.8,,3.1,3.7,3.8,3.5,NA,3.8,2.3,3.5
Oct-13,3.3,2.0,5.6,4.4,6.2,2.0,0.3,4.4,4.3,6.7,7.2,NA,2.8,3.9,5.5,NA,3.2,2.9,2.9,4.8,6.9,2.5,NA,4.3,4.7,5.1,3.8,3.2,7.5,4.3,3.1,2.8,3.7,3.7,2.5,2.6,4.8,1.8,4.1,1.9,3.5,5.5,11.2,2.4,3.0,2.5,3.0,9.4,NA,4.0,7.3,3.3,2.6,2.9,,3.0,3.6,3.7,3.4,NA,4.1,2.0,3.4
Nov-13,3.6,1.7,5.3,5.0,7.1,1.6,7.6,4.5,5.1,3.6,7.6,NA,2.8,3.9,4.9,NA,3.5,5.2,2.7,17.3,8.0,2.7,NA,4.3,4.6,0.8,3.8,3.6,0.8,4.8,3.5,3.5,4.3,4.1,2.4,2.8,4.0,2.0,4.3,1.8,3.5,4.9,10.1,3.1,3.2,3.2,3.9,9.8,NA,4.0,7.7,3.5,3.4,3.7,,3.2,3.9,3.5,3.7,NA,4.6,1.9,3.7
Dec-13,3.0,1.2,4.5,3.4,5.0,1.1,8.6,3.8,4.0,5.8,4.6,NA,3.0,4.6,4.1,NA,3.0,4.6,2.3,4.5,6.2,2.4,NA,3.4,2.9,5.7,2.9,2.8,9.7,4.0,2.5,3.2,3.8,3.6,1.9,2.4,3.9,1.3,3.5,1.3,2.6,4.9,7.9,1.9,2.2,2.6,2.8,8.0,NA,4.3,6.5,2.8,2.5,4.1,,2.6,3.3,3.0,3.1,NA,4.0,1.3,3.1
Jan-14,4.3,2.3,6.8,5.0,7.1,3.1,9.9,5.4,6.0,5.6,6.8,NA,3.4,4.1,10.1,NA,4.0,3.6,3.8,4.5,7.1,3.6,NA,5.5,5.1,5.6,4.6,4.3,22.3,5.3,3.7,2.9,5.1,5.2,3.3,3.3,4.9,2.1,4.8,2.4,3.2,6.1,10.3,2.6,3.5,3.5,3.5,7.6,NA,6.9,7.1,4.4,4.3,4.9,,4.0,4.5,4.1,4.3,NA,5.2,2.4,4.3
Feb-14,4.7,3.1,4.7,6.4,7.2,3.0,20.9,6.1,5.8,9.5,9.3,NA,3.7,4.3,6.5,NA,4.6,2.5,4.1,3.7,9.0,4.6,NA,5.5,5.9,7.7,5.1,4.2,24.1,5.6,3.8,3.3,5.0,5.0,4.2,3.8,5.9,2.9,6.3,2.5,3.7,7.1,16.7,3.5,3.8,3.9,3.6,12.9,NA,5.9,7.8,5.2,4.2,6.0,,3.9,5.0,4.8,4.6,NA,5.4,2.7,4.7
Mar-14,4.0,2.4,6.2,5.0,8.1,3.0,12.8,4.6,5.2,8.9,7.1,NA,3.2,3.3,7.7,NA,3.9,4.3,3.0,5.6,8.1,4.6,NA,5.5,6.4,6.0,4.2,3.6,16.0,4.5,3.2,3.3,4.9,3.9,2.8,3.4,5.3,2.3,5.1,2.2,4.4,6.3,10.5,3.5,3.2,3.3,5.8,8.1,NA,4.7,6.8,4.7,3.4,3.6,,3.3,4.3,4.6,3.9,NA,4.6,2.4,3.9
Apr-14,3.6,2.3,4.3,4.2,7.4,2.4,17.8,4.6,4.3,6.4,5.5,NA,2.8,3.7,6.5,NA,3.5,3.3,2.7,4.9,8.9,4.0,NA,4.2,4.5,9.0,4.0,3.8,19.5,4.3,2.9,3.0,4.2,3.6,2.3,3.0,4.9,1.8,4.1,1.8,3.5,5.2,10.6,3.4,3.7,2.6,4.3,11.4,NA,4.3,7.1,3.9,2.8,2.8,,3.1,3.9,3.8,3.5,NA,4.3,2.2,3.6
May-14,3.7,2.2,5.0,4.2,7.4,2.7,14.5,4.8,4.4,7.9,5.8,NA,3.2,3.3,7.9,NA,3.6,3.9,2.6,5.1,7.0,3.6,NA,3.5,4.7,6.5,3.9,3.5,23.8,4.3,3.1,2.9,4.6,3.8,2.6,3.1,4.9,2.0,4.3,1.9,3.4,6.4,9.4,3.1,3.2,2.9,3.6,6.0,NA,3.8,7.9,3.9,2.7,3.2,,3.3,3.9,3.6,3.6,NA,4.4,2.2,3.7
Jun-14,3.7,2.3,5.8,4.8,7.6,2.3,18.7,5.0,4.5,4.5,6.4,NA,3.7,3.5,5.4,NA,3.8,3.9,2.4,18.0,8.0,3.6,NA,4.3,4.3,7.0,4.0,3.8,22.2,4.1,3.2,3.5,4.6,4.0,3.1,3.0,5.5,1.8,4.0,1.9,3.3,6.0,9.7,3.2,3.1,3.0,3.8,7.7,NA,3.9,8.2,3.7,3.0,4.3,,3.3,4.0,3.9,3.7,NA,4.3,2.1,3.9
Jul-14,3.8,2.1,6.2,4.2,6.9,2.3,9.6,5.4,4.8,6.4,5.9,NA,3.0,3.8,6.3,NA,3.8,4.8,2.7,5.3,8.7,3.3,NA,4.2,4.8,6.8,4.2,3.6,23.4,4.4,3.2,3.6,4.3,4.4,2.7,3.3,5.0,1.7,4.7,1.9,3.1,5.5,11.4,2.9,3.0,3.2,3.9,6.0,NA,4.1,6.7,3.8,3.0,3.9,,3.4,4.1,3.8,3.8,NA,4.4,2.1,4.0
Aug-14,4.0,2.2,5.6,4.6,9.0,2.4,7.1,4.9,5.2,5.5,7.0,NA,3.2,4.0,6.4,NA,4.0,6.9,2.8,9.0,9.5,4.6,NA,4.4,6.7,6.5,4.0,3.8,9.6,4.8,3.4,4.1,5.0,4.5,2.9,3.7,5.0,1.9,4.7,2.2,3.2,6.6,9.1,3.4,3.4,3.4,5.0,8.7,NA,4.5,6.5,4.1,3.5,3.8,,3.5,4.3,3.9,4.0,NA,4.9,2.4,4.1
Sep-14,4.2,2.2,6.8,4.6,7.3,2.5,9.9,5.2,5.2,5.5,7.2,NA,4.2,3.2,8.3,NA,4.2,7.1,3.6,9.0,9.0,4.1,NA,4.6,5.3,8.4,4.3,3.8,11.5,4.9,3.4,4.5,4.8,4.4,3.6,3.7,5.1,2.0,4.3,2.2,3.1,5.8,12.6,3.8,3.0,3.7,4.5,6.4,NA,4.9,9.0,5.1,3.5,3.9,,3.5,4.5,4.0,4.1,NA,4.8,2.5,4.3
Oct-14,3.8,1.8,5.9,3.6,7.1,2.0,8.6,4.3,4.9,5.5,5.4,NA,3.8,3.6,7.2,NA,3.9,4.9,2.5,12.3,7.4,3.9,NA,3.8,4.7,5.4,4.1,3.5,8.1,4.9,3.3,3.7,4.5,4.3,1.4,3.4,4.3,1.6,4.4,1.8,3.1,5.5,12.4,2.4,3.2,3.5,4.1,4.5,NA,4.4,6.0,4.4,3.4,2.9,,3.2,4.3,3.6,3.8,NA,4.7,1.9,4.0
Nov-14,4.3,1.8,7.2,4.9,8.8,2.1,11.3,5.2,5.7,12.0,6.2,NA,4.3,4.4,6.5,NA,4.4,7.4,2.7,11.7,9.4,4.8,NA,4.8,5.3,6.8,4.1,4.2,9.4,6.1,3.7,4.8,5.3,4.9,2.3,4.4,5.1,1.4,4.9,1.9,3.5,7.1,9.4,3.5,2.9,4.4,5.1,7.1,NA,5.5,6.8,4.8,2.8,3.7,,3.7,4.9,4.4,4.6,NA,5.8,2.0,4.5
Dec-14,3.2,1.2,4.7,3.6,6.0,0.8,9.5,3.9,4.1,4.5,4.6,NA,3.3,3.7,5.9,NA,3.4,5.4,2.2,6.5,5.4,3.8,NA,4.0,4.2,6.8,3.1,2.4,8.3,4.7,2.6,2.5,4.4,3.4,1.1,3.1,3.9,1.1,4.0,1.3,2.4,4.6,7.1,2.8,2.0,3.2,3.5,5.5,NA,3.7,4.3,3.3,2.5,3.6,,2.7,3.8,3.3,3.3,NA,4.6,1.4,3.4
Jan-15,4.9,2.3,7.4,4.7,8.9,1.4,8.6,6.0,6.1,2.7,7.5,NA,4.8,6.6,6.9,NA,4.9,9.5,4.0,12.0,10.2,6.6,NA,4.7,5.4,6.0,5.1,4.7,25.8,7.1,3.9,3.8,5.4,5.0,2.6,4.6,5.0,2.5,5.4,2.3,3.9,7.4,12.8,4.2,3.9,4.1,4.4,5.5,NA,6.3,7.2,5.2,4.3,4.9,,4.1,5.5,4.5,5.0,NA,6.4,2.6,4.9
Feb-15,4.9,2.9,6.4,4.4,9.1,1.5,12.2,5.5,5.7,4.0,5.9,NA,4.7,6.8,8.2,NA,5.2,12.9,3.9,13.5,8.9,4.9,NA,5.3,5.6,7.3,5.1,4.5,14.1,7.0,3.4,2.9,6.2,4.6,2.5,4.4,5.6,2.8,5.8,2.6,3.5,7.9,15.2,4.2,4.1,4.5,4.3,10.0,NA,5.4,6.7,5.8,3.4,3.7,,4.2,5.8,4.7,4.7,NA,6.7,2.8,4.9
Mar-15,3.7,2.1,6.7,4.2,8.3,1.3,8.4,4.9,4.6,5.5,4.7,NA,3.9,5.4,8.1,NA,3.8,7.2,2.6,33.0,7.1,4.6,NA,3.6,4.1,5.8,3.7,3.1,22.9,5.0,2.9,2.3,4.8,3.7,1.6,3.2,4.6,1.6,3.8,1.9,3.3,5.4,9.7,3.7,3.7,3.6,3.5,5.7,NA,4.8,5.4,4.5,3.3,3.6,,3.1,4.2,3.6,3.8,NA,4.9,2.2,3.7
Apr-15,3.4,1.9,5.0,4.0,8.5,1.3,5.0,4.5,4.5,3.7,5.8,NA,4.0,3.8,6.6,NA,3.5,6.4,2.4,6.8,7.3,4.4,NA,3.9,5.2,4.3,3.3,3.1,23.9,4.5,2.7,2.4,4.3,3.2,1.6,3.4,4.7,1.6,4.2,1.6,3.0,4.8,13.0,3.0,3.0,3.3,3.1,5.9,NA,4.2,6.3,3.8,2.4,3.5,,2.8,3.8,3.8,3.6,NA,4.4,2.0,3.3
May-15,3.5,1.9,5.4,3.5,7.2,1.2,8.3,4.5,4.3,3.8,5.0,NA,3.6,4.5,6.8,NA,3.6,7.9,2.4,6.0,7.4,4.0,NA,3.9,4.4,4.8,3.6,3.1,14.4,4.3,2.9,2.6,4.4,3.3,1.8,2.8,5.2,1.7,3.4,1.8,3.0,5.5,10.8,3.3,3.2,2.9,3.5,5.4,NA,4.3,7.2,4.0,2.4,3.5,,2.8,3.9,3.7,3.5,NA,4.3,2.0,3.5
Jun-15,3.2,1.4,4.9,3.5,6.9,0.9,7.6,5.1,4.0,5.3,5.5,NA,3.6,3.1,4.7,NA,3.4,8.8,2.6,8.4,6.6,3.8,NA,3.7,4.2,4.3,3.4,2.7,12.4,3.7,2.5,2.2,4.1,3.2,1.7,2.7,4.4,1.5,3.9,1.7,2.5,5.3,11.7,2.4,2.8,2.8,2.8,6.6,NA,3.9,5.9,3.7,2.8,3.2,,2.6,3.6,3.4,3.3,NA,3.8,1.7,3.1
Jul-15,3.3,1.8,4.4,4.1,5.5,1.2,8.7,4.4,4.3,4.0,4.3,NA,3.5,3.2,6.5,NA,3.4,6.0,1.6,7.1,7.2,4.0,NA,3.3,3.2,4.3,3.4,3.1,10.1,3.9,2.7,2.1,4.0,3.2,1.6,3.1,4.1,1.5,3.6,1.8,2.6,5.0,8.1,2.7,2.7,2.8,2.8,6.6,NA,4.1,5.7,3.6,2.5,3.2,,2.5,3.6,3.2,3.4,NA,3.9,1.8,3.2
Aug-15,3.6,2.1,4.6,3.9,6.4,1.2,7.5,4.9,4.9,5.4,4.7,NA,3.9,3.9,6.3,NA,3.7,7.8,2.3,6.7,6.1,3.9,NA,4.7,5.0,4.2,3.9,3.3,15.9,4.5,2.7,4.0,4.3,3.5,1.8,3.2,4.3,1.7,4.6,1.9,3.3,5.6,11.0,2.8,3.0,3.4,3.0,9.0,NA,4.3,6.6,3.4,2.5,2.9,,2.8,4.0,4.0,3.7,NA,4.5,2.1,3.7
Sep-15,3.6,2.3,5.9,4.2,6.3,2.4,10.1,4.4,4.8,5.8,4.9,NA,3.7,3.2,6.8,NA,3.6,8.0,3.3,9.8,9.0,4.1,NA,4.2,4.2,4.8,3.7,3.2,8.8,4.6,2.7,3.3,4.3,3.7,3.0,3.1,4.3,1.9,4.4,2.1,2.8,5.7,6.8,2.5,3.6,3.2,3.5,6.6,NA,4.6,6.7,3.7,3.0,3.3,,2.8,3.9,3.6,3.6,NA,4.5,2.2,3.7
Oct-15,3.6,2.2,6.7,3.4,5.3,1.3,5.8,4.6,5.0,4.6,3.5,NA,4.0,3.6,6.7,NA,3.7,7.5,1.7,11.8,7.4,4.3,NA,4.2,7.2,3.9,3.9,3.2,10.2,4.7,2.7,3.1,4.3,3.7,1.9,3.1,4.1,2.3,4.6,2.4,3.6,5.6,5.5,3.1,3.2,3.1,3.0,6.0,NA,4.5,6.7,3.7,2.8,4.1,,3.0,4.0,3.7,3.7,NA,4.5,2.2,3.6
Nov-15,4.2,2.0,7.5,4.2,5.3,1.3,11.5,5.3,5.9,4.0,4.8,NA,4.6,4.0,4.6,NA,4.5,6.8,2.5,10.4,7.7,5.5,NA,4.7,4.3,5.1,4.3,3.5,8.4,6.2,2.8,4.6,5.0,4.3,1.8,4.1,4.8,2.0,5.4,2.2,3.6,7.6,7.9,3.4,3.0,4.0,3.8,6.4,NA,6.2,6.1,5.0,3.1,4.2,,3.4,4.9,4.2,4.3,NA,5.7,2.2,4.5
Dec-15,2.8,1.1,4.4,2.9,4.4,1.5,6.1,3.6,3.9,4.7,2.9,NA,3.5,2.6,3.4,NA,2.8,7.8,1.4,9.3,4.8,3.5,NA,4.0,3.1,3.7,2.8,2.1,10.4,4.4,1.7,3.5,3.5,2.7,0.9,2.3,3.3,1.2,3.7,1.1,1.9,4.6,7.0,2.2,2.1,2.4,3.3,3.1,NA,3.3,4.2,3.0,1.9,2.6,,2.3,3.3,2.9,2.8,NA,4.1,1.4,3.0
Jan-16,3.8,2.0,6.3,3.9,8.1,2.5,6.7,4.7,5.1,3.1,4.9,NA,4.8,6.1,6.8,NA,4.3,7.8,2.8,6.1,10.2,4.7,NA,4.7,4.1,6.0,4.1,3.5,10.0,6.3,3.0,2.4,4.8,4.3,2.3,3.1,5.1,1.9,4.9,1.9,2.8,7.7,7.3,3.4,3.2,3.7,4.1,9.0,NA,6.4,5.1,4.8,3.0,3.2,,3.8,4.8,4.2,4.2,NA,5.7,2.5,4.5
Feb-16,4.7,3.0,6.4,3.9,4.8,3.0,4.6,5.2,5.1,3.1,4.0,NA,4.7,4.0,6.6,NA,4.9,8.0,3.8,7.8,8.7,5.8,NA,4.8,6.2,4.7,4.9,3.8,17.0,6.4,2.9,4.0,5.5,4.5,3.3,3.5,6.5,2.9,6.8,3.2,4.2,6.3,5.5,2.9,3.9,3.6,4.1,9.0,NA,5.5,8.2,5.9,3.3,3.0,,3.9,5.4,5.7,4.1,NA,6.1,3.2,5.0
Mar-16,3.6,2.2,3.9,3.4,5.1,2.4,5.9,3.9,4.2,5.3,3.7,NA,3.8,2.9,4.3,NA,3.6,6.9,3.5,13.1,7.3,3.4,NA,4.9,4.5,4.3,3.9,3.2,11.8,4.8,2.4,2.9,4.0,3.4,2.7,2.6,4.7,2.3,4.6,2.6,3.4,4.4,7.7,2.5,3.0,2.8,3.3,5.3,NA,4.6,5.3,4.0,2.4,2.7,,2.9,4.0,4.5,3.3,NA,4.5,2.6,3.7
Apr-16,3.5,2.3,5.1,4.0,6.2,2.5,10.3,4.3,3.8,4.1,3.8,NA,3.9,3.2,6.6,NA,3.5,4.7,2.8,8.5,9.5,4.2,NA,4.3,4.9,5.6,3.8,3.0,37.3,4.6,2.4,3.9,4.0,3.2,2.3,2.9,4.3,2.4,4.6,2.2,3.1,4.5,6.6,3.0,3.2,2.8,2.4,6.7,NA,4.5,6.8,4.1,3.0,2.7,,2.8,3.9,4.2,3.3,NA,4.4,2.6,3.6
May-16,3.4,2.2,5.8,3.0,5.8,2.4,6.9,4.1,3.8,6.8,4.2,NA,3.7,2.9,7.2,NA,3.6,5.3,2.8,6.1,6.8,3.5,NA,4.5,5.0,4.8,3.6,3.0,17.7,4.1,2.5,4.4,4.2,3.1,2.5,2.6,4.4,2.1,4.4,2.2,3.3,4.7,7.1,2.9,3.2,2.9,2.8,5.6,NA,3.6,7.0,4.5,2.5,2.5,,2.8,3.8,4.2,3.2,NA,4.2,2.5,3.5
Jun-16,3.2,2.1,5.0,3.4,5.3,2.2,5.8,3.9,3.3,3.2,3.9,NA,3.3,3.2,6.0,NA,3.2,4.9,2.5,5.1,5.6,2.7,NA,3.9,3.9,3.5,3.6,2.6,12.7,3.6,2.4,2.8,3.9,3.1,2.0,2.7,3.9,2.0,4.5,2.1,3.7,4.1,8.2,2.7,3.1,2.6,2.0,5.3,NA,3.3,6.6,4.8,2.5,2.6,,2.7,3.6,4.0,2.9,NA,3.7,2.3,3.3
Jul-16,3.6,2.3,6.6,3.1,6.1,2.6,10.4,4.6,3.8,4.6,3.7,NA,3.7,4.0,6.3,NA,3.6,6.0,2.9,3.1,5.9,3.2,10.4,4.9,4.0,3.1,4.1,3.3,12.6,4.2,2.8,3.3,4.1,3.4,2.1,3.0,4.0,2.2,5.5,2.5,4.1,4.7,9.0,3.0,3.0,3.1,2.3,7.9,NA,3.4,5.5,4.7,2.8,3.0,,3.0,3.9,4.6,3.4,NA,4.1,2.6,3.6
Aug-16,3.4,2.1,5.8,3.3,4.9,2.4,9.6,3.8,3.5,6.9,3.3,NA,3.8,3.2,4.6,NA,3.3,4.1,3.6,4.3,6.0,2.8,6.5,4.9,4.8,3.3,3.7,3.0,10.3,4.1,2.5,4.2,4.0,3.3,2.2,3.1,4.4,2.0,4.6,2.4,3.0,4.5,6.0,2.8,2.9,3.1,2.8,4.7,NA,3.5,5.4,4.5,2.1,2.4,,2.7,3.7,4.3,3.2,NA,4.1,2.5,3.4
Sep-16,3.5,2.1,5.3,3.7,5.4,2.4,16.1,4.0,3.7,4.3,3.6,NA,3.7,3.4,7.3,NA,3.4,4.7,4.3,13.0,7.0,2.9,6.4,4.7,4.4,3.7,3.8,2.9,10.7,4.1,2.6,4.2,3.9,3.4,3.2,3.2,4.0,2.5,4.9,2.4,3.3,4.7,5.0,3.0,3.0,3.5,3.3,6.8,NA,3.9,6.4,4.8,2.8,2.7,,2.8,3.7,4.3,3.3,NA,4.0,2.6,3.5
Oct-16,3.4,1.9,4.3,2.9,5.0,2.4,8.1,3.5,3.7,5.0,3.4,NA,4.1,3.4,5.4,NA,3.5,4.5,2.6,6.0,7.1,3.0,14.0,4.9,4.5,3.9,3.6,2.9,9.5,4.5,2.4,3.8,4.0,3.3,2.1,2.9,4.8,2.1,5.1,2.0,3.8,4.4,6.1,2.7,2.9,3.2,2.3,6.7,NA,4.3,6.6,4.5,3.0,2.5,,2.8,3.8,4.7,3.2,NA,4.3,2.3,3.5
Nov-16,3.1,1.5,4.4,3.3,6.1,1.9,4.9,3.0,3.1,5.8,2.9,NA,4.0,3.1,5.1,NA,3.3,4.7,2.5,4.6,6.3,3.0,5.9,4.4,4.1,3.8,3.3,2.4,8.3,4.3,2.2,2.9,3.6,3.0,1.7,2.7,3.5,1.6,4.5,1.6,2.9,4.2,6.0,2.4,2.3,3.0,2.2,5.4,NA,3.9,4.7,4.3,2.9,3.0,,2.6,3.6,3.9,3.0,NA,4.1,1.9,3.3
Dec-16,2.6,1.2,3.9,2.4,4.3,1.6,7.1,2.6,2.8,4.9,2.8,NA,3.6,2.8,3.9,NA,2.6,4.1,1.9,3.1,5.5,3.1,6.8,3.5,3.6,4.1,2.6,1.8,6.7,3.8,1.6,3.7,3.1,2.6,0.9,2.2,3.4,1.1,4.0,1.2,2.4,3.4,6.8,2.1,2.5,2.4,2.1,5.4,NA,3.3,4.3,3.4,1.8,2.8,,2.2,3.0,3.4,2.5,NA,3.6,1.5,2.8
Jan-17,3.7,2.0,4.9,4.0,5.5,2.2,8.2,3.0,4.4,4.5,4.0,NA,4.3,3.2,5.5,NA,3.6,6.0,3.7,3.8,6.4,3.8,11.3,4.9,4.5,3.6,4.0,3.3,8.2,5.1,2.2,4.8,3.8,3.6,2.2,3.2,4.1,2.3,5.6,2.2,2.5,5.0,7.3,2.9,3.4,3.4,3.3,6.4,NA,5.2,5.5,4.4,2.6,3.1,,3.2,4.1,4.4,3.5,NA,4.6,2.5,3.8
Feb-17,4.0,2.6,7.9,3.5,5.9,3.0,8.7,4.6,4.4,6.9,5.4,NA,4.7,3.0,7.4,12.2,4.1,5.9,4.6,3.9,8.5,3.7,14.3,5.3,6.2,4.2,4.5,3.2,15.0,5.3,2.5,3.6,4.1,3.5,2.7,3.5,5.4,2.5,6.3,2.5,3.2,5.1,9.2,3.1,3.4,3.4,3.4,9.7,NA,4.9,6.0,4.6,3.4,2.5,,3.3,4.5,5.2,3.7,5.6,4.8,3.0,4.1
Mar-17,3.0,1.9,4.6,2.9,5.1,2.1,11.4,3.7,3.4,6.4,3.8,NA,3.1,3.2,4.8,6.0,4.1,4.1,3.7,7.6,7.3,3.1,8.9,4.2,3.4,3.4,3.4,2.6,20.9,3.6,2.1,3.3,3.3,2.7,2.0,2.6,3.6,2.0,4.8,2.0,3.6,3.9,5.8,2.4,2.8,2.4,3.0,4.8,NA,4.1,5.0,3.6,3.0,2.5,,2.3,3.3,4.1,2.9,4.2,3.6,2.2,3.0
Apr-17,3.3,2.0,4.9,2.7,5.6,2.4,6.6,3.8,3.3,4.8,4.7,NA,3.6,3.5,4.7,6.6,3.4,4.6,2.8,4.4,6.6,3.9,9.9,5.1,5.0,4.1,3.7,2.8,10.7,3.9,2.1,3.6,3.9,2.9,1.8,2.5,4.0,2.0,4.5,2.0,3.4,4.3,7.3,2.5,3.4,2.8,2.9,7.3,NA,4.1,4.5,3.9,2.7,2.8,,2.5,3.7,4.3,3.0,4.6,3.9,2.4,3.3
May-17,2.9,1.7,3.8,2.9,4.8,2.1,9.4,4.2,2.7,3.7,5.0,NA,3.3,3.0,4.6,10.9,3.0,5.4,2.6,4.2,5.8,2.7,8.4,4.2,3.8,3.2,3.1,2.2,10.4,3.2,2.0,3.7,3.3,2.6,1.9,2.3,3.6,1.7,4.0,1.7,4.0,4.3,5.1,2.3,3.0,2.4,2.4,4.3,NA,3.5,5.0,5.0,2.2,2.3,,2.3,3.2,3.9,2.7,4.5,3.3,2.1,3.0
Jun-17,2.7,1.6,5.6,3.0,5.4,1.9,13.0,4.1,2.6,3.6,5.1,NA,2.9,2.7,4.9,7.2,2.7,3.8,2.4,4.2,7.1,3.0,11.7,3.5,3.8,3.5,3.0,2.3,7.3,2.8,2.0,3.1,2.9,2.5,1.7,2.2,3.8,1.3,3.7,1.4,2.9,3.8,6.2,2.3,2.7,2.5,2.5,4.8,NA,3.1,5.3,4.1,2.0,2.0,,2.2,2.9,3.5,2.6,4.2,2.9,1.8,2.8
Jul-17,3.2,1.8,5.2,2.7,6.8,2.2,9.5,4.7,3.2,3.5,4.8,NA,3.4,2.9,6.5,7.5,3.3,3.8,2.3,7.6,6.2,3.2,6.0,5.0,4.7,4.3,3.4,2.9,11.5,3.5,2.3,3.5,4.0,2.9,1.4,2.9,4.6,1.7,4.7,1.5,4.2,4.6,7.2,2.7,3.3,2.8,3.6,7.4,NA,3.8,7.0,5.0,2.9,2.8,,2.4,3.6,4.6,3.1,4.8,3.7,2.1,3.4
Aug-17,2.9,1.6,6.0,2.5,4.8,1.9,7.2,3.5,2.9,4.2,4.9,NA,3.3,2.4,5.1,8.1,2.8,4.9,3.0,4.8,6.6,2.6,9.2,4.2,4.6,3.9,3.1,2.5,8.0,3.2,2.4,2.6,3.4,2.6,1.7,2.5,3.9,1.7,3.7,1.5,3.3,4.1,6.9,2.2,2.6,2.4,2.8,6.4,NA,3.7,4.4,4.4,2.4,3.0,,2.2,3.1,3.8,2.8,4.4,3.3,1.9,3.0
Sep-17,3.2,2.1,4.9,3.4,6.2,2.2,9.2,3.9,3.1,3.5,4.7,NA,3.5,3.3,5.4,6.8,3.1,5.5,3.4,9.3,5.4,2.8,4.5,4.7,4.6,4.7,3.1,2.8,9.0,3.7,2.6,4.5,3.6,3.0,2.6,2.6,3.9,1.9,4.1,1.4,3.4,4.2,6.5,2.4,3.0,2.6,3.1,7.6,NA,3.7,5.0,4.7,2.3,3.0,,2.4,3.4,4.0,3.1,4.8,3.7,2.2,3.3
Oct-17,3.0,1.5,4.2,2.9,5.3,2.0,6.2,3.5,3.0,5.5,4.7,NA,3.4,3.4,6.3,6.4,2.9,4.9,2.8,5.4,6.4,3.2,5.5,4.1,5.5,4.0,3.1,2.5,6.6,3.7,2.5,3.5,3.5,2.7,1.6,2.6,4.0,1.7,4.2,1.4,2.9,4.2,6.5,2.0,2.8,2.6,2.9,5.2,NA,4.3,3.8,4.6,2.0,2.8,,2.3,3.3,3.8,2.9,4.4,3.6,1.9,3.2
Nov-17,2.9,1.2,5.4,2.8,4.3,1.7,4.0,2.7,3.0,3.8,5.3,NA,3.3,3.5,4.7,5.0,2.9,4.4,1.6,12.2,5.7,3.6,4.9,3.8,3.8,3.9,2.8,2.3,5.1,3.9,2.3,4.1,3.9,2.7,1.1,2.9,3.7,1.2,3.7,1.2,2.2,4.3,5.5,2.4,1.7,2.6,3.0,4.0,NA,3.9,3.9,4.4,1.9,3.4,,2.2,3.3,3.4,2.9,4.0,3.9,1.5,3.2
Dec-17,2.5,1.0,3.6,2.3,3.4,1.4,6.3,2.4,2.6,4.1,3.9,NA,2.9,2.5,4.2,5.6,2.4,3.2,1.7,5.6,5.8,3.6,8.4,3.3,2.9,3.3,2.6,1.9,5.7,3.4,1.8,2.6,3.2,2.3,1.0,2.0,3.7,0.9,3.3,0.9,1.7,3.9,4.2,1.9,1.8,2.2,2.3,4.6,NA,3.2,3.9,4.0,1.6,3.1,,1.9,2.8,3.1,2.3,3.7,3.4,1.3,2.8
Jan-18,3.6,2.0,5.8,3.4,5.3,2.3,5.6,4.0,3.7,4.4,5.8,NA,4.0,3.5,6.6,6.7,3.6,6.0,3.2,7.1,7.2,3.9,12.8,4.0,3.7,5.0,3.9,3.0,8.6,4.7,2.4,3.1,3.9,3.4,2.2,2.7,4.5,2.2,5.0,1.9,2.4,4.8,5.2,2.9,2.6,2.9,2.6,4.9,NA,4.3,4.6,4.7,3.1,3.6,,3.0,4.0,4.1,3.2,4.8,4.4,2.3,3.9
Feb-18,3.9,2.3,4.9,3.7,5.1,2.7,5.4,4.4,3.5,6.5,6.5,NA,4.1,4.2,7.8,10.4,4.1,6.4,4.3,6.8,10.8,3.9,6.6,5.0,4.9,3.9,4.3,3.4,12.4,4.8,2.5,4.3,4.6,3.5,2.8,2.8,6.1,2.1,5.1,2.0,4.0,5.2,6.6,3.0,3.2,3.4,2.2,5.3,NA,4.4,6.8,6.3,3.5,3.4,,3.1,4.5,5.2,3.4,5.4,4.7,2.6,4.3
Mar-18,2.9,1.5,3.9,2.9,4.7,1.9,5.8,3.3,2.7,5.1,5.1,NA,3.2,2.8,6.4,4.5,3.0,4.5,2.8,10.4,11.8,3.1,10.1,3.8,4.1,3.1,3.2,2.4,14.5,3.6,2.1,2.7,3.7,2.9,1.6,2.2,3.8,1.6,3.9,1.5,2.9,4.7,5.5,2.3,2.6,2.4,2.2,6.1,NA,3.3,3.3,4.5,2.5,2.7,,2.3,3.4,3.7,2.7,4.6,3.7,1.9,3.3
Apr-18,3.2,1.7,5.3,3.2,5.7,2.1,5.3,3.5,2.8,6.1,5.0,NA,3.5,2.9,6.0,10.5,3.2,4.9,2.7,6.9,12.7,4.1,10.6,3.8,4.3,4.7,3.5,2.5,22.0,3.6,2.2,2.5,3.9,3.0,1.9,2.8,4.3,1.9,4.5,1.6,2.7,4.4,7.8,2.6,3.0,2.7,2.9,5.0,NA,3.8,3.8,5.5,2.1,3.0,,2.4,3.6,3.9,2.9,4.9,3.7,2.1,3.5
May-18,3.0,1.6,5.2,3.4,4.6,2.0,7.3,4.1,2.7,2.7,5.9,NA,2.8,2.9,6.1,6.1,3.1,3.8,2.5,6.7,8.4,3.0,8.3,3.3,4.5,4.9,3.3,2.5,8.4,3.4,2.2,2.2,3.8,2.9,1.5,2.6,3.7,1.6,4.6,1.6,2.8,4.4,6.0,2.5,3.1,2.6,2.2,6.0,NA,3.2,5.2,5.2,2.0,2.8,,2.3,3.4,3.6,2.8,4.7,3.6,2.0,3.3
Jun-18,3.0,1.5,NA,2.9,6.0,2.0,6.4,4.2,2.7,6.3,5.1,NA,3.0,3.1,6.2,8.9,2.6,4.0,2.5,4.8,7.1,2.8,7.6,3.5,4.8,3.9,3.2,2.4,11.7,3.5,2.3,2.7,3.9,2.8,1.4,2.6,3.5,1.7,4.0,1.7,3.0,4.0,7.1,2.6,3.4,2.7,2.5,4.8,NA,3.2,4.8,4.7,2.3,3.3,,2.3,3.3,3.5,2.8,4.5,3.7,2.0,3.0
Jul-18,3.3,1.7,NA,3.4,5.9,2.0,6.1,3.7,3.1,4.3,5.7,NA,3.1,3.0,6.3,5.8,3.5,5.1,2.9,8.2,7.8,2.9,9.1,4.4,4.4,4.6,3.5,2.9,8.7,3.6,2.6,3.3,4.3,3.2,1.6,2.8,4.5,1.6,4.6,2.2,3.1,4.5,6.8,2.8,3.9,3.2,3.5,7.5,NA,3.4,5.1,4.9,2.7,2.6,,2.7,3.7,4.2,3.0,4.9,3.9,1.9,3.6
Aug-18,3.3,2.0,NA,3.0,5.2,2.2,6.7,4.0,3.1,6.9,5.5,NA,2.9,2.8,5.5,5.8,3.4,5.4,2.7,8.9,8.4,2.7,7.5,4.1,4.3,4.5,3.5,2.8,8.1,3.8,2.7,4.4,3.8,3.4,2.2,3.1,3.8,2.1,4.0,2.0,3.1,4.0,5.7,2.6,3.4,2.9,3.1,6.8,NA,3.8,5.7,4.9,2.8,2.6,,2.7,3.6,3.8,3.0,4.4,3.8,2.3,3.6
Sep-18,4.2,2.7,NA,4.4,5.9,2.9,5.2,4.6,3.9,2.9,6.6,NA,3.6,3.6,8.0,6.3,4.4,5.4,3.5,8.4,9.7,4.3,7.3,4.1,5.6,6.9,4.3,3.6,11.3,4.6,3.2,4.3,4.4,4.1,3.4,3.8,4.7,2.9,5.6,2.8,4.3,4.5,5.6,3.5,4.5,3.3,4.2,5.8,NA,4.6,7.7,6.3,3.9,3.9,,3.6,4.5,4.7,3.7,5.2,4.5,3.2,4.5
Oct-18,3.6,2.1,NA,3.3,4.7,2.6,5.0,3.6,3.6,4.9,4.9,NA,2.9,3.8,6.7,6.1,3.7,5.7,3.0,4.6,7.3,3.7,4.8,4.4,5.0,4.3,4.1,3.4,6.1,4.3,2.8,3.6,4.3,3.9,1.9,3.1,4.3,1.9,4.5,2.4,3.1,3.9,6.6,3.4,3.3,3.1,3.1,5.4,NA,3.6,5.6,5.1,3.7,3.0,,3.1,4.0,4.1,3.3,4.3,2.5,4.3,4.0
Nov-18,3.7,1.9,NA,2.9,6.5,2.2,5.6,4.4,3.5,4.8,5.8,NA,3.1,3.5,7.0,8.6,3.9,5.1,3.0,4.8,7.9,4.8,8.4,4.3,4.6,5.7,3.9,3.0,9.8,4.9,2.7,3.1,4.3,3.9,1.7,3.6,4.6,1.9,5.2,2.1,3.2,4.4,7.1,3.0,3.8,3.3,2.9,9.2,NA,4.1,5.8,5.4,3.7,2.9,,3.4,4.2,4.4,3.3,4.8,4.7,2.3,4.2
Dec-18,3.5,1.7,NA,1.2,4.8,1.9,9.8,4.4,3.2,2.3,6.0,NA,2.8,3.5,5.3,4.6,3.5,5.7,2.5,4.8,8.5,3.6,17.5,5.0,4.5,4.8,4.0,2.6,8.5,4.7,2.5,3.1,4.6,3.5,1.1,2.9,4.9,1.6,2.2,1.8,2.8,4.0,7.9,2.9,3.2,3.1,1.9,2.8,NA,4.3,3.8,5.5,3.1,2.4,,3.2,4.1,3.8,3.1,3.0,4.7,2.1,4.0
Jan-19,4.6,2.6,NA,2.1,7.1,3.3,6.5,3.6,4.5,3.0,6.1,NA,3.7,4.0,13.3,5.8,4.9,7.7,4.5,11.9,9.6,5.8,7.0,4.9,6.6,4.9,5.4,3.5,17.0,6.0,3.0,13.2,5.2,4.6,2.7,3.5,6.5,2.8,3.0,3.0,4.3,4.5,10.7,4.1,3.9,3.7,2.2,2.7,NA,5.5,6.4,7.2,3.7,2.5,,4.5,5.4,4.7,3.9,4.0,3.3,5.7,5.3
Feb-19,4.6,2.7,NA,2.0,4.3,3.5,11.5,5.5,4.9,4.5,6.6,NA,4.0,4.1,6.6,6.2,5.1,4.9,3.7,6.8,12.6,5.3,6.5,5.6,5.8,5.4,5.9,3.2,9.2,5.6,2.8,5.3,5.4,4.3,2.8,3.9,6.0,2.9,5.5,3.1,4.1,4.7,13.7,3.8,4.2,3.4,2.3,4.0,NA,5.0,7.9,6.7,3.6,3.7,,4.1,5.5,5.5,3.8,4.1,5.5,3.3,5.2
Mar-19,3.6,2.2,NA,1.8,5.0,2.6,12.4,4.2,3.4,2.8,4.5,NA,3.0,3.8,8.8,5.2,3.8,6.1,3.8,10.4,11.1,4.3,22.7,4.2,6.8,3.9,4.3,2.7,9.2,4.3,2.3,4.0,4.1,3.4,1.8,3.2,4.5,2.2,3.9,2.3,3.6,3.7,5.8,2.8,4.1,2.8,2.5,3.7,NA,3.3,5.4,5.8,3.0,2.8,,3.3,4.1,4.1,3.0,3.4,4.2,2.6,4.0
Apr-19,3.4,2.0,6.1,2.7,6.4,2.7,6.6,5.3,3.4,3.8,4.9,NA,2.8,4.6,8.3,6.4,3.5,4.3,3.1,10.1,10.0,3.8,4.6,4.0,5.8,4.6,3.8,2.8,11.5,4.1,2.2,3.4,4.1,3.1,1.6,3.0,4.5,2.0,4.8,2.4,3.6,4.2,6.7,3.0,4.0,2.7,2.5,4.5,NA,3.7,5.5,4.9,2.7,2.8,,3.1,3.9,4.3,3.0,4.4,4.1,2.6,3.7
May-19,3.2,1.9,5.1,2.7,5.6,2.1,9.4,5.2,3.2,4.6,4.7,NA,2.8,3.1,6.5,4.8,3.3,3.8,2.9,5.9,7.3,3.3,15.8,3.8,5.2,4.9,3.7,2.6,15.1,3.4,2.2,4.2,4.1,3.0,1.5,2.8,3.7,2.0,4.3,2.2,3.8,3.9,7.5,2.7,3.6,2.3,2.8,4.7,NA,3.0,6.9,4.9,2.9,2.5,,2.8,3.6,3.9,2.7,4.4,3.7,2.3,3.5
Jun-19,3.4,1.9,5.0,2.9,6.7,2.4,8.7,5.3,3.1,5.2,5.0,NA,2.9,2.9,6.4,6.3,3.4,4.2,2.8,7.7,7.6,3.9,8.2,4.6,4.8,5.4,3.8,2.7,10.9,3.6,2.4,3.2,4.0,3.3,2.0,3.1,3.8,1.9,3.9,2.5,3.6,4.8,8.1,2.9,3.8,2.9,2.9,5.6,NA,3.1,7.9,4.9,2.6,3.0,,3.1,3.7,4.0,2.9,5.0,3.7,2.5,3.6
Jul-19,3.2,2.0,8.3,2.8,5.6,2.3,9.5,4.9,3.0,5.4,4.7,NA,2.5,3.5,5.4,6.9,3.2,4.3,2.7,9.2,8.2,3.3,11.5,4.1,4.7,5.6,3.5,2.7,11.8,3.5,2.2,3.3,3.8,3.0,1.4,3.0,3.9,1.9,4.4,2.3,4.2,4.4,6.2,2.8,3.8,2.5,2.5,5.0,NA,3.4,6.7,4.6,2.6,3.2,,2.9,3.5,4.1,2.7,4.6,3.6,2.5,3.4
Aug-19,3.2,1.9,6.0,3.0,5.8,2.2,8.9,4.6,2.9,4.7,4.8,NA,2.5,2.8,7.6,4.7,3.1,4.7,3.2,6.6,6.4,3.2,7.2,4.1,6.3,5.4,3.5,2.9,8.1,3.4,2.2,2.7,3.8,2.9,2.1,2.9,4.1,2.3,4.2,2.3,3.7,3.9,5.1,2.4,4.2,2.5,2.3,5.7,NA,4.3,7.8,4.3,2.8,3.8,,2.9,3.4,4.1,2.8,4.3,3.6,2.5,3.3
Sep-19,3.6,2.4,7.8,3.7,5.7,2.5,9.4,5.3,3.5,6.4,5.4,NA,2.7,2.4,7.1,6.6,3.5,4.3,4.0,5.7,7.2,2.9,8.2,5.2,5.2,5.6,3.6,3.7,11.8,3.8,2.5,3.3,4.1,3.1,3.8,3.2,4.2,2.8,4.2,2.7,4.0,4.6,7.8,2.7,4.0,3.1,4.3,4.8,NA,3.5,6.7,4.7,2.8,3.3,,3.2,3.7,4.4,3.1,5.2,3.9,2.9,3.6
Oct-19,3.0,1.7,7.2,3.0,5.1,2.0,6.6,3.8,3.1,5.5,4.8,NA,2.5,3.4,7.0,8.4,3.0,4.8,2.5,7.9,6.4,2.6,8.3,4.0,4.2,5.1,2.5,2.8,6.7,3.4,2.1,3.2,3.6,2.8,1.9,2.8,3.4,2.1,4.0,2.1,3.9,4.4,6.4,2.8,3.6,2.2,2.9,5.2,NA,3.1,6.1,3.6,3.0,2.7,,2.8,3.1,3.8,2.7,4.5,3.9,2.3,3.2
Nov-19,3.1,1.6,4.5,2.6,6.5,2.1,11.0,4.2,3.4,3.5,4.0,NA,2.9,2.6,6.4,5.6,2.9,5.3,2.2,4.3,5.2,3.5,12.7,4.2,5.8,3.7,3.1,2.5,11.8,3.9,2.2,2.9,3.8,2.7,1.7,3.1,4.2,1.8,4.4,1.7,3.2,4.2,9.4,2.8,3.4,2.4,3.0,4.8,NA,3.1,8.3,4.4,3.4,2.8,,2.9,3.3,4.1,2.8,4.5,3.9,2.1,3.2
Dec-19,2.5,0.9,5.4,2.7,4.9,1.4,5.1,3.6,2.5,5.4,4.2,NA,2.3,2.8,5.8,4.5,2.4,4.5,1.7,7.4,6.3,2.7,6.9,3.0,3.6,3.6,2.3,1.9,6.7,3.4,1.6,2.5,3.3,2.2,0.8,2.4,3.3,1.1,2.6,1.1,1.7,4.0,5.5,2.2,3.0,2.0,2.2,5.3,NA,2.6,5.8,3.8,2.1,2.7,,2.1,2.8,2.7,2.2,4,3.3,1.4,2.7
Jan-20,3.4,2.0,6.6,2.7,7.4,2.3,7.3,4.7,3.4,3.0,4.4,NA,3.0,3.1,8.4,6.6,3.2,5.8,3.3,7.3,9.0,3.6,8.7,4.9,5.0,5.7,3.4,2.8,13.5,4.2,2.4,4.0,3.9,3.0,2.7,2.8,5.9,2.7,3.7,2.3,2.8,3.8,5.5,3.0,4.4,2.8,2.5,8.0,NA,3.8,6.2,4.8,3.2,3.6,,3.3,3.6,4.4,3,4.3,4.1,2.7,3.5
Feb-20,3.6,2.5,7.8,3.0,5.7,2.7,11.8,4.5,3.5,5.3,4.5,NA,3.2,3.2,6.1,10.7,3.6,4.9,4.3,5.4,10.3,3.3,5.8,5.1,9.6,6.4,3.4,3.4,9.6,4.1,2.3,6.5,4.1,3.0,3.0,3.2,4.8,2.6,4.8,2.7,4.1,4.8,6.5,3.0,4.4,2.6,2.6,9.0,NA,4.1,5.6,5.1,3.4,3.5,,3,3.8,4.8,3.1,5.1,4.1,3,3.7
Mar-20,2.7,1.7,4.6,2.5,4.0,1.9,10.0,3.6,3.0,3.8,4.8,NA,2.7,2.8,5.1,6.4,2.6,5.1,2.1,8.3,4.2,3.1,5.3,3.7,5.5,3.5,2.5,2.2,18.4,2.9,2.1,3.6,3.3,2.4,1.5,2.5,3.4,2.0,1.7,2.0,3.4,3.8,5.2,2.4,3.6,2.6,2.6,6.1,NA,3.1,4.8,3.9,3.0,2.5,,2.3,2.8,3,2.6,4.2,3,2.1,2.7
Apr-20,3.4,1.9,7.5,2.6,5.7,2.6,6.0,4.5,3.1,4.3,5.4,NA,3.1,2.2,5.9,8.1,3.3,4.8,5.4,7.4,7.3,2.7,10.2,5.3,6.6,6.1,3.7,3.7,12.3,3.9,2.7,5.6,3.9,2.7,2.7,2.8,4.6,3.3,4.0,2.5,4.2,4.3,8.1,2.9,5.1,2.6,2.2,5.4,NA,3.2,5.9,4.6,3.6,2.7,,3.5,3.6,4.5,3,4.6,3.9,2.9,3.5
May-20,4.3,3.1,7.4,4.3,6.4,3.3,6.0,5.4,3.3,5.4,6.3,NA,3.5,2.3,7.6,7.7,4.3,4.8,4.6,9.3,12.6,3.1,27.0,8.7,9.0,5.4,5.5,3.5,22.9,4.3,2.9,9.1,4.7,3.5,3.7,3.6,6.4,3.4,5.6,3.6,5.4,4.8,6.4,3.0,7.4,3.2,3.5,6.3,NA,2.9,7.6,7.6,4.7,3.8,,5.3,4.7,6.4,3.3,5.7,4.4,3.8,4.5
Jun-20,2.7,1.9,4.0,2.1,4.4,1.9,9.7,3.2,2.1,2.9,3.8,NA,2.3,2.1,4.6,5.8,3.0,3.1,2.4,5.6,5.8,2.7,11.6,4.6,5.7,3.4,3.5,2.2,8.1,2.7,1.9,3.4,2.8,2.2,2.9,2.4,3.8,2.4,3.2,2.1,2.5,3.0,5.8,2.0,3.4,1.7,1.7,4.0,NA,2.1,4.8,4.6,2.1,1.9,,3.4,3.1,3.5,2.2,3.5,2.8,2.3,2.9
Jul-20,2.1,1.6,3.4,2.0,2.2,1.5,6.9,2.0,2.0,3.9,2.5,NA,1.9,2.1,3.6,4.2,2.3,2.5,1.6,4.4,4.0,1.6,5.4,2.4,3.0,2.4,2.5,1.8,5.3,2.2,1.6,2.1,2.0,1.9,2.6,1.8,3.0,1.9,2.6,1.8,2.0,2.3,3.7,1.7,2.4,1.7,1.3,2.6,NA,2.0,3.3,3.5,1.8,1.8,,2.7,2.3,2.5,1.8,2.7,2.1,1.8,2.3
Aug-20,2.1,1.5,2.7,2.3,2.1,1.5,5.0,1.9,2.0,3.1,2.3,NA,2.5,1.6,3.7,2.5,2.3,2.3,1.7,4.5,3.7,1.6,5.0,2.5,3.0,2.2,2.4,1.6,3.9,2.2,1.7,2.4,2.0,1.9,2.6,1.8,2.7,2.4,2.5,1.8,2.6,2.3,2.8,2.0,2.4,1.7,1.8,4.0,NA,2.3,3.3,2.2,2.0,1.6,,2.7,2.3,2.6,1.9,2.7,2.1,1.9,2.2
Sep-20,2.0,1.6,2.3,1.9,2.8,1.5,5.9,1.8,2.2,3.4,2.5,NA,2.1,1.7,2.8,3.4,2.3,2.4,2.1,3.7,4.3,1.8,2.4,2.2,2.9,2.2,2.2,1.7,3.4,2.1,1.5,2.1,2.0,1.7,2.9,1.7,2.4,2.3,0.8,1.8,2.0,2.5,3.1,1.7,2.4,1.7,1.8,3.6,NA,2.2,2.2,2.0,1.5,2.1,,2.5,2.2,1.8,1.8,2.6,2.0,1.9,2.1
Oct-20,2.0,1.6,3.0,2.4,2.1,1.6,3.5,2.0,1.8,3.8,2.1,NA,2.2,1.8,3.7,5.0,2.1,2.7,2.0,2.7,4.0,1.6,3.0,2.3,3.1,2.7,2.0,1.5,2.6,2.1,1.5,2.5,2.0,1.8,2.2,1.5,2.2,1.8,2.0,1.6,2.1,2.6,2.3,1.9,2.7,1.7,2.0,2.8,NA,2.2,2.5,2.0,2.1,1.7,,2.4,2.1,2.1,1.8,2.6,2.0,1.8,2.0
Nov-20,1.9,1.3,2.7,2.5,1.8,1.3,5.3,1.6,1.8,3.4,2.2,NA,2.1,2.0,3.5,2.5,2.1,2.1,1.5,3.1,3.3,2.0,2.5,2.3,3.7,2.7,2.0,1.5,3.8,2.1,1.3,1.4,2.0,1.6,2.0,1.4,2.2,1.8,2.0,1.4,2.0,3.0,2.9,1.7,2.7,1.6,1.4,5.1,NA,2.0,2.8,1.7,1.9,1.2,,2.2,2.1,2.1,1.6,3.0,2.1,1.6,2.0
Dec-20,1.4,0.8,1.9,1.5,1.5,0.9,2.2,1.3,1.4,2.6,1.8,NA,1.5,1.3,3.1,3.7,1.5,1.9,1.0,3.3,2.6,1.4,2.0,2.0,2.3,1.8,1.5,1.1,2.9,1.5,1.0,2.0,1.4,1.2,1.2,1.0,1.7,1.1,1.6,1.1,1.4,1.8,3.7,1.4,2.1,1.3,0.9,3.4,NA,1.5,1.9,1.5,1.4,1.2,,1.6,1.5,1.7,1.3,2.1,1.5,1.1,1.4
Jan-21,1.9,1.3,2.2,2.2,2.0,1.4,4.7,2.1,1.7,2.1,2.3,NA,2.0,1.4,4.2,3.3,1.8,2.6,2.1,2.4,3.7,1.9,3.8,3.0,3.7,2.6,2.0,1.6,5.9,2.0,1.4,2.0,1.6,1.8,2.2,1.4,2.4,2.2,2.3,1.7,1.9,2.9,2.4,1.2,2.9,1.7,1.5,4.8,NA,2.3,2.8,1.6,1.8,2.3,,2.2,1.9,2.4,1.7,3.0,1.9,1.7,1.9
Feb-21,2.1,1.7,2.2,2.6,2.0,1.7,3.8,2.1,2.0,2.7,2.4,NA,2.2,2.7,3.0,3.3,2.4,2.4,2.1,2.1,3.2,2.4,2.9,2.8,3.8,2.5,2.4,1.8,4.7,2.1,1.6,3.3,2.1,1.8,2.3,1.9,2.2,2.4,2.4,2.2,2.5,2.5,4.8,1.6,3.0,1.9,1.8,2.7,NA,2.0,2.4,2.4,1.7,2.2,,2.3,2.3,2.5,1.9,2.8,2.1,2.1,2.2
Mar-21,1.7,1.4,1.9,2.1,2.0,1.3,2.6,1.6,1.7,1.3,2.6,NA,1.6,1.8,3.8,2.6,1.8,2.5,1.5,4.1,3.2,1.3,5.1,2.1,2.7,2.2,1.8,1.5,4.4,1.5,1.5,2.2,1.7,1.5,1.7,1.8,1.8,1.9,1.5,1.7,2.1,1.9,2.9,1.1,2.3,1.6,1.4,2.2,NA,1.9,2.7,2.1,1.5,1.4,,1.6,1.7,1.8,1.7,2.2,1.6,1.6,1.7
Apr-21,1.6,1.3,2.0,1.7,2.2,1.1,3.1,1.7,1.8,1.3,2.7,NA,1.7,1.5,3.0,5.7,1.8,2.3,1.3,3.2,4.1,1.7,2.4,2.1,2.4,2.2,1.5,1.4,4.3,1.6,1.4,2.1,2.0,1.5,1.6,1.7,1.8,1.4,1.6,1.3,1.7,2.4,2.6,1.1,1.9,1.5,1.4,3.3,NA,1.7,3.0,1.7,1.5,1.2,,1.5,1.7,1.8,1.6,2.5,1.7,1.3,1.6
May-21,1.8,1.3,2.2,2.1,2.4,1.2,9.9,1.7,1.7,3.6,2.3,NA,1.7,1.6,3.8,5.9,2.0,2.2,1.5,3.0,3.9,1.7,3.7,2.4,2.8,2.3,1.6,1.4,3.6,1.7,1.4,2.0,2.2,1.6,1.8,1.6,2.1,1.5,1.6,1.5,2.0,2.2,3.5,1.4,2.0,1.7,1.7,2.6,NA,1.7,3.0,1.9,1.5,1.6,,1.7,1.9,2.0,1.6,2.5,1.9,1.5,1.8
Jun-21,1.7,1.3,2.4,1.9,2.1,1.2,3.3,1.8,1.7,5.0,2.1,NA,1.6,1.5,3.0,3.9,1.8,2.0,1.1,3.8,3.4,1.6,3.9,2.1,2.2,2.1,1.5,1.4,4.0,1.7,1.4,1.8,1.9,1.5,1.4,1.7,1.8,1.4,2.0,1.3,1.7,2.0,2.5,1.2,1.9,1.7,2.4,2.4,NA,1.7,2.6,1.8,1.2,1.7,,1.6,1.7,1.9,1.6,2.3,1.7,1.4,1.7
Jul-21,1.9,1.4,2.7,1.6,2.8,1.4,3.4,2.2,2.1,2.0,2.2,NA,1.9,1.6,4.0,5.4,2.0,2.9,1.5,3.7,4.7,2.0,4.7,2.4,3.3,1.8,1.7,1.6,4.5,1.8,1.7,2.3,2.2,1.7,1.8,2.0,2.0,1.5,1.7,1.3,2.1,2.5,3.5,1.3,2.1,1.9,2.0,3.2,NA,1.9,2.7,1.9,1.8,2.0,,1.7,1.9,2.0,1.9,2.6,2.0,1.5,1.9
Aug-21,1.9,1.3,2.9,2.2,2.6,1.4,4.7,2.0,1.8,3.1,2.4,NA,1.8,1.8,3.9,4.3,2.0,3.2,1.6,3.4,3.7,2.0,2.7,2.1,2.7,2.6,1.6,1.5,6.4,2.0,1.7,2.0,2.4,1.7,1.7,2.2,1.7,1.5,1.8,1.4,1.6,2.4,4.8,1.3,1.8,1.8,1.7,4.1,NA,2.1,2.7,1.9,1.8,1.6,,1.7,2.0,1.8,1.8,3.0,2.2,1.5,1.9
Sep-21,1.9,1.4,2.3,2.4,2.7,1.5,4.5,2.7,1.9,3.7,2.4,NA,2.1,2.0,5.2,7.3,2.0,2.9,1.9,4.3,4.3,2.0,2.6,2.2,3.4,3.1,1.5,1.8,4.1,2.0,1.7,2.2,2.3,1.6,2.3,1.8,1.8,1.5,1.7,1.4,1.8,2.6,3.8,1.6,2.1,1.8,2.1,3.2,NA,2.1,2.5,1.9,1.6,1.8,,1.7,1.9,1.9,1.9,2.9,2.1,1.6,1.9
Oct-21,1.8,1.3,3.6,2.4,2.8,1.4,3.2,2.7,1.9,3.7,2.2,NA,1.8,2.3,4.5,4.2,2.0,2.1,1.3,5.1,4.3,1.7,3.4,2.2,2.8,2.9,1.5,1.7,4.5,2.0,1.4,2.1,2.1,1.5,1.6,1.7,1.7,1.5,1.4,1.1,1.8,2.7,5.4,1.4,1.8,1.9,1.8,5.0,NA,2.1,3.1,1.8,1.2,1.9,,1.6,1.9,1.8,1.8,3.2,2.0,1.4,1.8
Nov-21,1.6,0.9,1.0,1.0,2.2,1.2,1.0,0.9,1.2,1.4,1.8,NA,1.3,1.8,2.0,1.3,1.4,1.8,1.4,1.8,1.3,1.7,2.6,1.5,1.4,2.9,1.6,1.5,1.3,1.7,1.4,1.5,1.8,1.9,4.8,2.6,2.5,3.9,4.3,1.8,2.5,2.5,1.7,2.4,4.7,3.7,5.0,3.4,NA,2.8,1.8,3.7,1.1,1.7,,1.4,1.7,1.6,1.6,2.7,1.9,1.0,1.7
Dec-21,1.2,0.7,1.2,1.4,1.8,0.8,2.3,1.3,1.4,2.1,2.1,NA,1.3,1.1,3.6,4.5,1.3,2.0,0.7,2.9,3.1,1.6,2.1,1.2,1.5,1.9,1.0,1.1,3.1,1.3,1.0,1.1,1.4,1.0,0.9,1.2,1.2,0.7,1.5,0.7,1.0,2.0,4.1,0.8,1.1,1.2,1.2,3.1,NA,1.7,1.7,1.1,1.0,1.7,,1.1,1.2,1.2,1.3,2.3,1.3,0.8,1.2
Jan-22,1.8,1.5,2.3,2.4,2.1,1.4,4.2,2.0,1.9,3.0,3.0,NA,1.7,2.1,4.2,3.6,2.0,3.1,1.4,4.3,5.0,1.5,2.5,2.1,3.2,2.3,1.6,1.6,3.1,1.8,1.4,2.2,2.1,1.5,2.0,1.6,2.3,1.6,1.9,1.6,2.0,2.5,3.5,1.0,1.7,1.4,1.2,2.9,NA,1.9,3.4,2.0,1.8,1.5,,1.8,1.9,2.1,1.7,2.7,1.9,1.5,1.8
Feb-22,2.0,1.7,3.1,2.1,2.5,1.9,5.1,2.3,2.0,2.0,4.3,NA,1.9,2.3,4.9,3.4,2.2,2.8,1.2,6.4,5.6,2.5,3.7,2.2,2.9,3.2,2.0,1.8,8.7,1.9,1.5,2.4,2.1,1.5,2.4,2.0,2.0,2.1,1.9,2.0,2.2,2.9,3.9,1.0,2.0,1.9,1.7,3.2,NA,1.9,2.9,2.3,1.6,1.9,,1.8,2.1,2.0,1.9,3.0,2.0,1.8,2.0
Mar-22,1.6,1.4,3.1,2.1,2.3,1.2,2.7,2.0,1.8,2.4,2.9,NA,1.6,1.6,3.5,2.8,1.8,2.2,1.1,3.6,5.2,1.9,2.3,1.7,2.2,2.5,1.6,1.6,5.6,1.5,1.4,2.3,1.8,1.4,1.6,1.6,2.1,1.4,1.5,1.4,1.8,2.2,3.9,1.0,1.6,1.5,1.6,4.2,NA,1.8,2.5,1.6,1.4,2.0,,1.4,1.7,1.8,1.6,2.6,1.6,1.4,1.6
Apr-22,1.8,1.5,2.9,2.2,2.5,1.5,4.0,2.0,1.9,3.6,3.0,NA,1.9,1.8,4.0,4.6,1.9,2.3,1.1,3.2,6.7,1.9,6.5,2.5,2.0,3.2,1.7,1.8,5.6,1.7,1.4,2.5,2.3,1.6,1.5,1.8,1.8,1.5,1.7,1.4,1.6,2.7,4.2,1.0,1.7,1.6,2.2,3.5,NA,1.7,2.4,1.8,1.8,2.0,,1.6,1.9,1.9,1.7,3.0,1.9,1.4,1.8
May-22,2.1,1.6,3.5,2.3,3.5,1.4,3.3,2.5,2.3,2.4,3.4,NA,2.1,1.9,4.1,4.5,2.3,2.6,1.1,2.0,4.8,2.7,5.2,2.5,2.4,3.6,2.0,2.0,4.9,2.0,1.8,2.5,2.8,1.9,1.5,1.8,2.3,1.5,2.1,1.7,2.1,2.6,3.1,1.3,2.0,1.8,2.0,4.0,NA,2.3,2.3,2.0,1.6,2.3,,1.7,2.2,2.3,2.0,2.9,2.3,1.6,2.2
Jun-22,2.4,1.8,4.0,2.4,3.0,2.1,4.9,3.1,2.4,4.6,4.3,NA,2.4,2.4,4.6,4.9,2.5,3.1,1.2,5.6,4.1,2.7,5.2,2.5,2.5,3.5,2.4,2.4,4.2,2.6,2.1,3.5,2.9,2.4,1.9,2.1,2.4,2.1,2.2,1.9,2.5,2.9,5.5,1.5,1.9,2.1,3.1,4.3,NA,2.4,3.6,2.2,2.1,2.9,,2.1,2.6,2.4,2.3,3.2,2.8,1.9,2.5
Jul-22,3.1,2.3,5.7,3.0,4.1,2.3,3.8,3.7,3.1,4.4,4.7,NA,2.9,2.5,5.4,2.9,3.3,3.4,1.6,5.7,7.8,3.4,6.2,3.2,4.1,3.6,3.0,3.1,3.7,3.4,2.6,4.1,4.0,3.1,2.2,3.0,2.8,2.2,3.7,2.6,3.1,3.8,5.0,2.4,2.5,3.1,3.3,6.4,NA,2.6,3.9,2.8,2.8,3.1,,2.7,3.3,3.2,2.9,3.7,3.6,2.4,3.3
Aug-22,2.8,2.0,4.6,3.4,3.3,2.1,3.2,3.2,2.9,4.2,3.6,NA,2.4,2.3,6.7,4.6,3.1,3.7,1.7,3.8,6.4,3.5,4.6,3.1,3.2,3.3,2.5,2.8,4.1,3.2,2.5,7.7,3.7,2.5,2.2,2.4,2.5,2.3,2.6,2.0,2.5,3.3,4.5,2.1,2.5,2.6,2.5,6.4,NA,2.7,4.3,2.3,2.0,3.5,,2.3,3.1,2.7,2.7,3.8,3.4,2.1,3.0
Sep-22,2.8,1.9,4.1,3.3,3.7,2.1,5.1,3.0,2.8,2.9,4.7,NA,2.8,2.6,7.3,5.3,3.1,4.6,2.5,5.3,6.3,3.5,4.1,2.8,3.8,3.2,2.5,2.8,4.8,3.3,2.4,3.4,3.6,2.7,3.2,2.3,2.4,2.1,2.4,1.8,2.5,3.7,4.9,1.8,2.7,2.9,3.2,6.3,NA,2.9,3.3,2.7,2.2,3.9,,2.6,3.1,2.5,2.7,4.0,3.4,2.1,3.0
Oct-22,3.1,1.9,4.1,3.4,4.6,2.2,3.3,3.3,3.4,4.4,4.0,NA,3.1,2.8,6.0,8.1,3.6,5.3,2.1,5.2,6.9,3.5,3.4,3.2,5.2,4.0,2.8,2.9,4.1,3.9,2.8,3.8,4.0,3.0,2.8,2.7,3.0,2.3,2.8,1.8,3.2,3.8,4.6,2.1,2.7,2.3,4.0,6.7,NA,3.7,3.9,2.4,2.1,3.1,,2.8,3.5,3.0,3.0,4.2,3.9,2.2,3.4
Nov-22,3.2,1.6,6.1,3.5,4.2,2.1,4.0,3.5,3.3,2.6,5.0,NA,3.4,3.2,6.3,10.8,3.6,5.8,1.6,9.8,5.6,3.4,3.2,3.6,3.2,3.9,3.1,3.1,3.8,4.2,2.7,6.6,4.4,2.9,2.2,2.9,3.1,2.2,2.5,1.8,3.3,4.7,5.0,2.4,2.4,2.4,3.3,6.7,NA,3.8,4.7,3.0,2.1,3.9,,2.8,3.7,3.1,3.1,4.6,4.3,2.0,3.6
Dec-22,2.6,1.3,4.2,4.2,3.4,1.4,6.5,2.8,2.9,4.0,4.1,NA,2.4,3.2,5.2,7.3,3.1,4.6,1.4,4.9,7.7,2.4,4.0,3.2,2.8,3.0,2.4,2.6,3.4,3.7,2.0,2.3,3.8,2.2,1.5,2.0,2.8,1.4,2.3,1.3,2.5,3.8,6.0,2.0,2.2,2.2,3.1,5.1,0.0,2.6,3.9,2.3,2.9,2.5,,2.6,3.1,2.7,2.4,4.1,3.7,1.6,2.9
Jan-23,3.5,2.0,4.6,3.9,4.4,2.4,10.1,4.4,4.2,2.9,6.8,0.0,3.1,3.5,6.4,10.9,3.7,7.2,4.5,5.4,8.4,4.4,6.3,3.9,5.9,3.9,3.1,3.8,6.9,4.3,2.7,5.6,4.7,2.7,2.9,2.9,4.3,2.4,2.6,2.5,3.3,4.2,13.2,2.9,3.3,3.3,2.8,5.8,NA,3.8,5.2,3.4,3.0,4.9,,3.5,3.8,3.5,3.5,4.9,4.4,2.6,3.6
Feb-23,3.1,1.8,4.8,3.4,5.4,2.2,9.3,3.3,3.3,6.0,7.1,NA,2.8,3.7,7.3,15.7,3.4,5.0,2.4,12.0,8.8,5.0,12.5,3.9,5.8,3.3,2.9,2.4,10.1,3.6,2.0,3.5,3.8,2.3,3.4,2.1,3.7,2.4,3.0,2.9,3.5,4.5,9.0,2.7,3.2,2.4,3.0,5.5,NA,3.4,4.9,3.3,2.2,4.1,,2.8,3.4,3.5,2.7,5.0,3.7,2.5,3.2
Mar-23,2.1,1.0,3.2,3.1,4.0,1.0,5.5,2.8,2.4,5.3,4.0,NA,2.0,2.3,4.5,5.3,2.2,4.3,2.3,3.8,7.5,2.7,3.6,2.4,3.3,2.9,2.0,1.9,15.0,2.6,1.5,3.0,3.0,1.7,2.4,1.8,2.6,1.8,1.8,1.4,2.3,3.1,5.7,1.7,2.2,1.9,2.4,3.5,NA,2.1,2.2,2.0,2.1,2.3,,2.0,2.3,2.3,2.0,3.5,2.7,1.5,2.2
Apr-23,2.5,1.3,5.3,3.3,4.9,1.4,6.5,3.0,2.6,3.5,5.0,NA,2.4,2.1,7.0,4.8,2.6,4.2,2.1,15.4,11.4,2.7,5.8,3.0,4.4,4.4,2.3,2.6,6.6,2.7,1.8,3.7,3.2,1.9,2.4,2.5,3.2,2.6,2.5,1.9,3.9,4.3,5.5,1.9,2.7,2.1,2.7,6.0,NA,2.6,3.2,2.2,2.4,3.1,,2.2,2.6,3.1,2.4,4.3,2.8,1.9,2.5
May-23,2.1,1.1,4.8,2.6,3.6,1.1,4.4,3.1,2.2,3.1,5.3,0.0,2.0,2.2,5.8,5.5,2.2,3.7,1.8,5.2,9.3,2.9,3.3,2.7,3.8,4.7,2.0,2.3,9.5,2.3,1.6,2.8,2.8,1.7,2.3,1.7,2.0,1.9,2.4,1.4,2.8,2.8,5.7,1.6,2.6,1.8,2.1,3.4,11.6,2.7,4.0,1.8,1.8,2.3,,1.9,2.2,2.4,2.1,3.5,2.4,1.5,2.1
Jun-23,2.2,1.2,3.9,2.6,3.9,1.2,4.6,3.2,2.3,3.1,5.2,NA,2.1,2.0,5.2,5.1,2.1,3.0,1.6,5.9,7.6,2.4,3.9,2.7,4.6,3.5,1.9,2.2,6.0,2.3,1.9,2.4,2.8,2.0,2.0,2.2,2.7,1.5,2.3,1.3,2.4,3.3,9.6,1.8,2.7,2.3,2.3,4.1,8.8,2.4,4.0,2.1,1.8,3.2,,2.1,2.2,2.5,2.2,4.0,2.5,1.6,2.2
Jul-23,2.5,1.3,3.9,2.3,3.9,1.4,4.6,3.2,2.6,2.8,5.2,NA,2.3,2.0,5.2,9.7,2.5,4.0,1.7,5.9,7.6,2.8,3.9,3.2,4.0,3.5,2.3,2.3,5.8,2.7,1.9,4.6,4.0,2.0,2.1,2.1,2.4,2.1,2.7,1.6,2.7,3.6,6.2,2.1,3.1,2.1,2.3,3.5,28.8,2.9,4.0,2.3,1.8,3.2,,2.4,2.7,2.7,2.4,4.1,3.1,1.8,2.5
Aug-23,2.4,1.4,4.5,2.9,3.3,1.4,5.0,2.9,2.8,4.4,5.2,0.0,2.1,2.6,6.0,5.2,2.4,3.7,3.0,5.3,7.4,3.2,4.8,2.7,4.5,3.3,2.0,2.2,4.0,2.5,1.9,3.5,3.5,1.9,2.9,2.4,2.9,2.1,2.9,1.6,2.9,3.7,8.0,2.3,3.1,2.1,2.0,4.2,8.4,2.2,3.7,2.1,2.3,3.5,,2.2,2.4,2.9,2.3,4.2,2.9,1.9,2.3
Sep-23,2.8,1.6,6.8,2.9,4.2,1.6,6.2,4.2,3.3,5.0,5.2,NA,2.5,2.9,8.3,8.6,2.7,4.3,3.1,14.3,7.5,2.8,1.6,2.8,6.1,3.8,2.3,2.5,6.5,3.0,2.1,3.9,3.8,2.5,3.7,2.5,2.9,2.4,3.0,1.8,3.5,4.1,12.3,2.8,3.7,2.6,2.0,4.3,11.2,2.9,5.2,2.3,2.7,3.2,,2.7,2.8,3.0,2.7,4.8,3.3,2.3,2.8
Oct-23,2.7,1.6,4.7,2.9,3.9,1.5,8.7,4.1,3.1,3.4,5.6,NA,2.3,1.9,6.4,5,2.8,6.6,2.2,7.9,8.4,2.7,2,2.8,4,4.3,2.3,2.8,3.7,3.4,2.2,4.5,3.6,2.3,2.5,2.6,3,2.3,2.7,1.5,3,4.1,4.6,2.5,2.9,2.5,2.9,6.3,4.6,3.7,4.3,2.6,2.5,3.3,,2.8,2.9,2.9,2.8,4.0,3.5,2.0,2.8
Nov-23,3.0,1.3,5.7,4.0,5.5,1.6,7.7,4.4,3.5,2.7,5.9,NA,2.8,3.6,8.5,7.6,2.9,6.2,2.2,10.8,9.6,3.5,1.5,3.0,4.8,5.2,2.3,3.0,4.7,3.6,2.5,4.1,4.3,2.5,1.7,3.3,3.3,1.7,3.5,1.4,4.0,3.8,NA,2.7,3.2,2.9,2.6,4.7,24.3,3.5,4.5,2.7,2.6,3.6,,2.9,3.1,3.4,3.2,4.1,3.9,1.8,3.0
Dec-23,2.5,0.9,6.6,3.1,5.2,1.2,7.3,3.2,3.1,1.9,4.1,NA,2.8,2.2,8.8,4.2,2.6,3.5,1.5,4.8,11.7,3.2,2.8,3.2,4.1,2.7,2.0,2.4,4.9,3.3,2.0,3.0,3.3,2.2,1.5,2.4,3.1,1.1,3.2,1.1,2.2,1.6,6.1,2.9,2.5,2.7,2.4,5.0,14.2,3.0,3.9,2.4,2.7,4.7,,2.5,2.7,3.0,2.6,3.2,3.3,1.5,2.6
Jan-24,3.2,1.9,4.3,3.8,4.0,1.7,9.2,4.7,3.5,4.3,7.7,0.0,2.8,3.6,7.3,13.1,3.2,6.5,2.5,6.2,6.4,3.2,9.5,3.9,6.0,3.6,2.7,3.0,4.2,4.0,2.4,3.7,3.9,2.6,2.8,2.6,3.6,2.7,3.5,1.8,3.6,3.6,8.4,2.7,3.1,2.7,2.6,4.0,43.0,3.7,3.2,2.9,2.6,4.2,,3.2,3.4,3.6,3.1,4.6,4.0,2.3,3.2
Feb-24,3.0,1.5,5.6,3.4,6.4,1.6,6.7,3.7,3.4,3.2,6.8,3.1,2.8,3.6,8.1,9.1,3.1,3.9,2.9,9.6,8.4,2.9,1.8,3.9,4.4,3.6,2.5,2.7,3.9,3.4,2.2,3.3,4.0,2.3,2.3,3.0,3.2,2.1,3.1,1.9,3.6,3.7,7.9,2.9,3.5,2.7,2.7,4.2,13.4,3.7,3.5,2.7,2.2,3.7,,2.9,3.2,3.4,2.9,4.4,3.6,2.1,3.0
Mar-24,2.6,1.3,6.6,3.2,5.2,1.7,4.7,3.8,2.8,3.4,6.8,1.7,2.6,2.7,5.9,9.3,2.6,4,3.2,3.4,6.5,2.2,1.6,2.8,5,4,2.2,2.7,5.5,3,2.2,3.6,3.4,2.2,2.1,2.4,2.8,2.2,2.7,1.6,3.3,3.3,10.9,2.5,2.8,2.6,3.5,5.6,8.9,2.6,4.9,2.9,2.8,4,,2.6,2.7,2.9,2.6,4.3,3.1,2.0,2.6
Apr-24,2.6,1.4,5.1,3.3,4.9,1.5,7.8,3.4,3.2,4.1,5.8,2.8,2.4,2.5,6.2,7.0,2.6,3.8,2.8,3.9,6.7,2.6,8.0,3.6,3.9,4.6,2.1,2.5,6.6,3.1,2.1,4.1,3.7,2.2,1.8,2.3,2.9,1.8,3.0,1.5,2.7,4.0,8.3,2.7,3.1,2.6,4.1,6.6,18.4,3.0,4.9,2.5,2.5,2.8,,2.5,2.7,3.0,2.6,4.7,3.3,1.9,2.6
May-24,2.6,1.6,7.1,2.5,4.8,1.5,8.4,4.3,3,3.4,5.5,1.7,2.4,2.4,5.5,7.9,2.7,4.3,2.5,5.3,7.5,2.7,3.8,2.9,4.9,4.7,2,2.6,6,3.1,2.2,3.2,3.8,2.4,1.9,2.5,3.2,1.8,2.8,1.4,3.5,3.8,8.7,3.1,3.3,2.5,2.6,5.8,9.8,1.3,5.4,2.5,2.2,3.3,,2.6,2.8,3.0,2.5,4.3,3.3,1.9,2.7
Jun-24,3.0,1.8,7.1,4.2,4.8,1.8,8.4,4.3,2.9,5.8,5.5,2.1,2.3,3.4,5.5,9.4,3.1,5.2,2.3,5.3,7.5,2.4,3.8,4.3,5.6,4.7,2.5,2.6,7.2,3.3,2.5,5.0,4.2,2.7,1.8,2.9,3.1,1.7,3.3,1.5,3.4,4.1,11.5,2.7,3.4,2.8,2.6,4.8,14.6,3.2,5.4,2.8,2.2,3.3,,3.2,3.2,3.5,2.8,5.4,3.7,2.0,3.1
Jul-24,2.9,1.6,7,3.8,4.6,1.8,8.1,4.6,2.9,2.6,5.4,3.4,2.5,2.1,6.8,8.4,3,4.2,1.8,10.1,6.4,2.8,3.2,3.8,5.5,3.9,2.5,2.8,6.6,3.1,2.4,3.9,4,2.6,1.4,3.1,2.9,2,3.3,1.6,3.2,3.6,6.7,2.7,3.1,2.8,4.4,4.8,12.9,2.8,5.6,2.8,2.6,4.2,,3.0,3.0,3.3,2.8,4.6,3.4,2.0,2.9
Aug-24,3.2,2.4,6.3,3.1,4.8,2.4,7.7,4.3,3.3,2.8,5.2,3.0,2.9,2.2,7.2,8.5,3.1,5.7,3.5,10.6,7.1,3.3,4.1,4.1,6.4,5.3,2.7,2.9,5.4,3.5,2.5,4.5,4.3,2.8,2.5,3.0,3.2,2.1,3.4,1.7,3.3,4.3,7.4,2.9,3.4,3.2,3.2,6.2,14.9,3.0,6.0,3.3,2.7,3.5,,3.2,3.3,3.5,3.0,4.8,3.8,2.5,3.2